,inc_ceil,low_ceil,non_prof,basis,bond,mff_ra,fmha_515,fmha_538,home,cdbg,hopevi,tcep,rentassist,trgt_pop,trgt_fam,trgt_eld,trgt_dis,trgt_hml,trgt_other,type,credit,metro,dda,qct,is_highMOE,target
29023,2.0,1.0,2.0,2.0,0.0,2.0,0.0,0.0,2.0,2.0,2.0,2.0,4.0,1.0,2.0,1.0,1.0,2.0,2.0,1.0,1.0,1.0,0.0,2.0,0,636179.0
47271,2.0,1.0,2.0,2.0,0.0,2.0,0.0,0.0,2.0,2.0,2.0,2.0,4.0,1.0,2.0,2.0,2.0,1.0,1.0,1.0,1.0,1.0,0.0,2.0,0,333463.0
47296,2.0,1.0,2.0,2.0,0.0,2.0,0.0,0.0,2.0,2.0,2.0,2.0,4.0,1.0,2.0,2.0,2.0,2.0,1.0,1.0,1.0,1.0,0.0,2.0,1,562375.0
12677,2.0,1.0,1.0,1.0,0.0,2.0,0.0,0.0,2.0,2.0,2.0,2.0,4.0,1.0,1.0,2.0,2.0,2.0,2.0,2.0,1.0,1.0,0.0,1.0,0,385630.0
47256,2.0,1.0,2.0,2.0,0.0,2.0,0.0,0.0,2.0,2.0,2.0,2.0,4.0,1.0,2.0,2.0,2.0,2.0,1.0,1.0,1.0,2.0,0.0,2.0,0,806735.0
12418,2.0,1.0,2.0,2.0,0.0,2.0,0.0,0.0,2.0,2.0,2.0,2.0,4.0,1.0,1.0,2.0,2.0,2.0,2.0,1.0,1.0,1.0,0.0,1.0,0,678154.0
29029,2.0,1.0,2.0,2.0,0.0,2.0,0.0,0.0,2.0,2.0,2.0,2.0,4.0,1.0,2.0,1.0,1.0,2.0,2.0,1.0,1.0,1.0,0.0,2.0,0,409140.0
32028,2.0,2.0,2.0,2.0,0.0,2.0,0.0,0.0,2.0,2.0,2.0,2.0,4.0,2.0,2.0,2.0,2.0,2.0,2.0,2.0,1.0,1.0,1.0,2.0,0,515991.0
12692,2.0,1.0,1.0,1.0,0.0,1.0,0.0,0.0,2.0,2.0,2.0,2.0,1.0,1.0,2.0,1.0,2.0,2.0,2.0,2.0,1.0,1.0,0.0,2.0,0,210481.0
12417,2.0,1.0,2.0,2.0,0.0,2.0,0.0,0.0,2.0,2.0,2.0,2.0,4.0,1.0,2.0,1.0,2.0,2.0,2.0,1.0,1.0,1.0,0.0,1.0,0,646374.0
12710,2.0,1.0,1.0,1.0,0.0,1.0,0.0,0.0,1.0,2.0,2.0,2.0,1.0,1.0,2.0,2.0,2.0,2.0,1.0,1.0,1.0,1.0,0.0,1.0,0,806988.0
25993,2.0,2.0,2.0,2.0,0.0,2.0,0.0,0.0,2.0,2.0,2.0,2.0,4.0,1.0,1.0,2.0,2.0,2.0,2.0,1.0,1.0,1.0,0.0,2.0,0,540471.0
29541,2.0,2.0,2.0,2.0,0.0,2.0,0.0,0.0,2.0,2.0,2.0,2.0,4.0,1.0,2.0,2.0,2.0,2.0,1.0,1.0,1.0,1.0,0.0,2.0,1,268989.0
47303,2.0,2.0,2.0,2.0,0.0,2.0,0.0,0.0,2.0,2.0,2.0,2.0,4.0,2.0,2.0,2.0,2.0,2.0,2.0,1.0,1.0,1.0,0.0,2.0,1,885279.0
29539,2.0,2.0,2.0,2.0,0.0,2.0,0.0,0.0,2.0,2.0,2.0,2.0,4.0,1.0,2.0,2.0,2.0,2.0,1.0,1.0,1.0,1.0,0.0,1.0,0,621068.0
12722,2.0,1.0,1.0,1.0,1.0,2.0,0.0,0.0,1.0,2.0,2.0,2.0,4.0,1.0,1.0,2.0,2.0,2.0,2.0,1.0,1.0,1.0,0.0,1.0,0,501363.0
31944,2.0,1.0,1.0,2.0,0.0,2.0,0.0,0.0,2.0,2.0,2.0,2.0,4.0,1.0,2.0,1.0,2.0,2.0,2.0,1.0,1.0,1.0,0.0,2.0,0,466054.0
43673,2.0,1.0,2.0,2.0,0.0,2.0,0.0,0.0,2.0,2.0,2.0,2.0,4.0,1.0,2.0,2.0,1.0,2.0,2.0,2.0,1.0,1.0,0.0,2.0,0,211836.0
41026,2.0,1.0,1.0,2.0,0.0,2.0,0.0,0.0,2.0,2.0,2.0,2.0,4.0,1.0,1.0,2.0,2.0,2.0,2.0,2.0,1.0,1.0,0.0,2.0,0,299006.0
24738,2.0,2.0,2.0,2.0,0.0,2.0,0.0,0.0,2.0,2.0,2.0,2.0,4.0,1.0,1.0,2.0,2.0,2.0,1.0,1.0,1.0,1.0,0.0,2.0,0,450000.0
51986,2.0,1.0,2.0,1.0,0.0,2.0,0.0,0.0,2.0,2.0,2.0,2.0,4.0,2.0,2.0,2.0,2.0,2.0,2.0,1.0,1.0,1.0,0.0,2.0,0,270127.0
42312,2.0,1.0,2.0,1.0,0.0,2.0,1.0,0.0,2.0,2.0,2.0,2.0,4.0,1.0,2.0,1.0,2.0,2.0,2.0,2.0,1.0,1.0,0.0,2.0,0,653278.0
31981,2.0,1.0,2.0,1.0,0.0,2.0,0.0,0.0,2.0,2.0,2.0,2.0,4.0,1.0,2.0,1.0,2.0,2.0,2.0,1.0,0.0,1.0,1.0,2.0,1,1500000.0
12717,2.0,1.0,1.0,2.0,0.0,2.0,0.0,0.0,1.0,2.0,2.0,2.0,4.0,1.0,1.0,2.0,2.0,2.0,2.0,1.0,1.0,1.0,0.0,2.0,0,474106.0
47321,2.0,1.0,2.0,2.0,0.0,2.0,0.0,0.0,2.0,2.0,2.0,2.0,4.0,1.0,2.0,2.0,2.0,2.0,1.0,1.0,1.0,1.0,0.0,2.0,1,625175.0
12419,2.0,2.0,1.0,2.0,0.0,2.0,0.0,0.0,2.0,2.0,2.0,2.0,4.0,1.0,2.0,1.0,2.0,2.0,2.0,2.0,1.0,1.0,0.0,1.0,0,799920.0
42327,2.0,1.0,2.0,1.0,0.0,2.0,0.0,0.0,1.0,2.0,2.0,2.0,4.0,1.0,1.0,2.0,2.0,2.0,2.0,1.0,1.0,1.0,0.0,2.0,0,850000.0
24769,2.0,2.0,2.0,2.0,0.0,2.0,0.0,0.0,2.0,2.0,2.0,2.0,4.0,1.0,2.0,1.0,2.0,2.0,2.0,1.0,1.0,1.0,0.0,2.0,1,657000.0
38559,2.0,2.0,2.0,2.0,0.0,2.0,0.0,0.0,2.0,2.0,2.0,2.0,4.0,1.0,2.0,1.0,2.0,2.0,2.0,2.0,1.0,1.0,0.0,1.0,0,750000.0
29521,2.0,2.0,2.0,2.0,0.0,2.0,0.0,0.0,2.0,2.0,2.0,2.0,4.0,1.0,2.0,1.0,1.0,2.0,2.0,1.0,1.0,1.0,0.0,2.0,0,201115.0
35647,2.0,1.0,1.0,1.0,1.0,2.0,0.0,0.0,2.0,2.0,2.0,2.0,4.0,1.0,1.0,1.0,1.0,1.0,1.0,1.0,1.0,1.0,1.0,1.0,1,450930.0
12347,2.0,1.0,2.0,2.0,0.0,2.0,0.0,0.0,2.0,2.0,2.0,1.0,4.0,1.0,2.0,1.0,2.0,2.0,2.0,1.0,0.0,1.0,0.0,2.0,1,1084561.0
24725,2.0,2.0,2.0,2.0,0.0,2.0,1.0,0.0,2.0,2.0,2.0,2.0,4.0,1.0,1.0,2.0,2.0,2.0,1.0,2.0,1.0,1.0,0.0,2.0,0,150000.0
47243,2.0,1.0,2.0,2.0,0.0,2.0,0.0,0.0,2.0,2.0,2.0,2.0,4.0,2.0,2.0,2.0,2.0,2.0,2.0,1.0,1.0,1.0,0.0,2.0,0,311050.0
21723,2.0,1.0,2.0,2.0,1.0,1.0,0.0,0.0,1.0,2.0,2.0,2.0,1.0,1.0,1.0,2.0,2.0,2.0,2.0,2.0,1.0,1.0,0.0,2.0,0,368252.0
47276,2.0,2.0,2.0,2.0,0.0,2.0,0.0,0.0,2.0,2.0,2.0,2.0,4.0,2.0,2.0,2.0,2.0,2.0,2.0,1.0,1.0,1.0,0.0,2.0,1,826791.0
29516,2.0,2.0,2.0,2.0,0.0,2.0,0.0,0.0,2.0,2.0,2.0,2.0,4.0,1.0,1.0,2.0,2.0,2.0,2.0,1.0,1.0,1.0,0.0,2.0,0,550696.0
41488,2.0,2.0,2.0,1.0,0.0,2.0,0.0,0.0,2.0,2.0,2.0,2.0,4.0,1.0,2.0,1.0,2.0,2.0,1.0,1.0,1.0,1.0,0.0,1.0,1,1435386.0
41023,2.0,1.0,2.0,2.0,1.0,2.0,0.0,0.0,2.0,2.0,2.0,2.0,4.0,1.0,1.0,2.0,1.0,2.0,2.0,2.0,1.0,1.0,0.0,2.0,0,641828.0
31972,2.0,2.0,2.0,2.0,0.0,2.0,0.0,0.0,2.0,2.0,2.0,2.0,4.0,1.0,2.0,1.0,2.0,2.0,2.0,1.0,1.0,1.0,1.0,2.0,0,560054.0
43664,2.0,1.0,2.0,2.0,0.0,2.0,0.0,0.0,2.0,2.0,2.0,2.0,1.0,1.0,2.0,1.0,2.0,2.0,2.0,2.0,1.0,1.0,0.0,2.0,0,163854.0
25697,2.0,1.0,2.0,2.0,0.0,2.0,0.0,0.0,2.0,2.0,2.0,2.0,4.0,1.0,1.0,2.0,1.0,2.0,2.0,2.0,1.0,1.0,0.0,2.0,0,750000.0
47300,2.0,1.0,2.0,2.0,0.0,2.0,0.0,0.0,2.0,2.0,2.0,2.0,4.0,1.0,2.0,2.0,2.0,2.0,1.0,1.0,1.0,1.0,0.0,2.0,0,960807.0
25927,2.0,2.0,2.0,2.0,0.0,2.0,0.0,0.0,2.0,2.0,2.0,2.0,4.0,2.0,2.0,2.0,2.0,2.0,2.0,1.0,1.0,1.0,0.0,1.0,0,450000.0
25677,2.0,2.0,2.0,1.0,0.0,2.0,0.0,0.0,2.0,2.0,2.0,2.0,4.0,1.0,1.0,2.0,2.0,2.0,2.0,1.0,1.0,1.0,2.0,2.0,0,750000.0
25974,2.0,2.0,2.0,2.0,0.0,2.0,0.0,0.0,2.0,2.0,2.0,2.0,4.0,1.0,2.0,2.0,2.0,2.0,1.0,2.0,1.0,1.0,0.0,1.0,0,616250.0
21738,2.0,2.0,2.0,2.0,0.0,2.0,0.0,0.0,2.0,2.0,2.0,2.0,1.0,1.0,1.0,1.0,1.0,1.0,2.0,2.0,1.0,1.0,0.0,2.0,0,193394.0
843,2.0,1.0,2.0,2.0,0.0,2.0,0.0,0.0,1.0,2.0,2.0,2.0,4.0,1.0,2.0,1.0,1.0,2.0,1.0,1.0,1.0,1.0,0.0,2.0,0,200000.0
31993,1.0,1.0,2.0,1.0,0.0,2.0,0.0,0.0,2.0,2.0,2.0,2.0,4.0,1.0,2.0,1.0,2.0,2.0,2.0,1.0,1.0,1.0,1.0,2.0,0,880819.0
47335,2.0,1.0,2.0,2.0,0.0,2.0,0.0,0.0,2.0,2.0,2.0,2.0,4.0,1.0,2.0,2.0,2.0,1.0,1.0,1.0,1.0,1.0,2.0,2.0,0,331426.0
47301,2.0,1.0,2.0,2.0,0.0,2.0,0.0,0.0,2.0,2.0,2.0,2.0,4.0,1.0,2.0,2.0,2.0,2.0,1.0,2.0,1.0,1.0,0.0,1.0,0,462864.0
47231,2.0,1.0,2.0,2.0,0.0,2.0,0.0,0.0,2.0,2.0,2.0,2.0,4.0,1.0,2.0,2.0,2.0,1.0,2.0,1.0,1.0,1.0,0.0,1.0,0,664723.0
31941,2.0,1.0,1.0,1.0,0.0,2.0,0.0,0.0,2.0,2.0,2.0,2.0,4.0,1.0,2.0,1.0,2.0,2.0,2.0,1.0,1.0,2.0,0.0,2.0,0,900416.0
12709,2.0,1.0,1.0,1.0,0.0,2.0,0.0,0.0,2.0,2.0,2.0,2.0,4.0,1.0,2.0,1.0,2.0,2.0,2.0,1.0,1.0,1.0,0.0,2.0,1,585082.0
22515,2.0,1.0,2.0,1.0,0.0,2.0,0.0,0.0,1.0,2.0,2.0,1.0,4.0,1.0,1.0,2.0,1.0,1.0,2.0,1.0,1.0,1.0,0.0,2.0,0,680923.0
21688,2.0,1.0,2.0,2.0,1.0,2.0,0.0,0.0,1.0,2.0,2.0,2.0,1.0,1.0,2.0,1.0,2.0,2.0,2.0,2.0,1.0,1.0,0.0,2.0,0,241408.0
31973,2.0,1.0,2.0,1.0,0.0,2.0,0.0,0.0,2.0,2.0,2.0,2.0,4.0,1.0,2.0,1.0,2.0,2.0,2.0,1.0,1.0,1.0,1.0,2.0,1,354157.0
12408,2.0,1.0,2.0,2.0,0.0,2.0,0.0,0.0,2.0,2.0,2.0,2.0,4.0,1.0,1.0,2.0,2.0,2.0,2.0,1.0,1.0,1.0,0.0,2.0,1,593471.0
41041,2.0,1.0,2.0,2.0,0.0,2.0,0.0,0.0,1.0,2.0,2.0,2.0,1.0,1.0,2.0,1.0,2.0,2.0,2.0,1.0,1.0,1.0,0.0,2.0,0,1038601.0
41086,2.0,1.0,1.0,2.0,0.0,2.0,0.0,0.0,1.0,2.0,2.0,2.0,1.0,1.0,1.0,2.0,1.0,2.0,2.0,1.0,1.0,1.0,0.0,2.0,0,860603.0
24766,2.0,2.0,2.0,1.0,0.0,2.0,0.0,0.0,2.0,2.0,2.0,2.0,4.0,1.0,1.0,2.0,2.0,2.0,1.0,1.0,1.0,1.0,2.0,2.0,0,600000.0
25948,2.0,2.0,2.0,2.0,0.0,2.0,0.0,0.0,2.0,2.0,2.0,2.0,4.0,2.0,2.0,2.0,2.0,2.0,2.0,1.0,1.0,1.0,0.0,2.0,0,474071.0
21750,2.0,2.0,2.0,2.0,1.0,2.0,0.0,0.0,2.0,2.0,2.0,2.0,1.0,1.0,1.0,2.0,2.0,2.0,2.0,2.0,1.0,1.0,0.0,2.0,0,304810.0
24723,2.0,2.0,2.0,2.0,1.0,2.0,0.0,0.0,2.0,2.0,2.0,2.0,4.0,1.0,1.0,2.0,2.0,2.0,1.0,2.0,1.0,1.0,0.0,2.0,0,402493.0
42285,2.0,1.0,2.0,1.0,0.0,2.0,0.0,0.0,2.0,2.0,1.0,1.0,4.0,1.0,2.0,1.0,2.0,2.0,2.0,1.0,0.0,1.0,0.0,1.0,0,711963.0
25693,2.0,2.0,2.0,2.0,0.0,2.0,0.0,0.0,2.0,2.0,2.0,2.0,4.0,1.0,1.0,2.0,2.0,2.0,2.0,1.0,1.0,1.0,0.0,2.0,0,480450.0
47295,2.0,1.0,2.0,2.0,0.0,2.0,0.0,0.0,2.0,2.0,2.0,2.0,4.0,2.0,2.0,2.0,2.0,2.0,2.0,1.0,1.0,1.0,0.0,2.0,1,658399.0
25925,2.0,2.0,2.0,2.0,0.0,2.0,0.0,0.0,2.0,2.0,2.0,2.0,4.0,1.0,1.0,2.0,2.0,2.0,2.0,2.0,1.0,1.0,0.0,2.0,1,229328.0
41004,2.0,1.0,2.0,1.0,0.0,2.0,0.0,0.0,1.0,2.0,2.0,2.0,4.0,1.0,1.0,2.0,2.0,2.0,2.0,1.0,1.0,1.0,0.0,1.0,0,856212.0
25675,2.0,2.0,2.0,2.0,1.0,2.0,0.0,0.0,2.0,2.0,2.0,2.0,4.0,1.0,1.0,2.0,2.0,2.0,2.0,2.0,1.0,1.0,0.0,2.0,0,228403.0
21618,2.0,1.0,2.0,1.0,0.0,2.0,0.0,0.0,2.0,2.0,2.0,2.0,4.0,2.0,2.0,2.0,2.0,2.0,2.0,2.0,1.0,1.0,2.0,2.0,1,1459805.0
12659,2.0,1.0,2.0,1.0,0.0,2.0,0.0,0.0,2.0,2.0,2.0,2.0,4.0,1.0,1.0,2.0,2.0,2.0,2.0,1.0,1.0,1.0,0.0,2.0,0,645591.0
41076,2.0,1.0,2.0,2.0,0.0,2.0,0.0,0.0,2.0,2.0,2.0,2.0,4.0,1.0,1.0,2.0,1.0,2.0,2.0,1.0,1.0,1.0,0.0,2.0,0,650312.0
32020,1.0,2.0,2.0,2.0,0.0,2.0,0.0,0.0,2.0,2.0,2.0,2.0,4.0,2.0,2.0,2.0,2.0,2.0,2.0,1.0,1.0,1.0,0.0,2.0,0,150000.0
25973,2.0,1.0,2.0,2.0,0.0,2.0,0.0,0.0,2.0,2.0,2.0,2.0,4.0,2.0,2.0,2.0,2.0,2.0,2.0,1.0,1.0,1.0,0.0,2.0,0,200000.0
47283,2.0,1.0,2.0,2.0,0.0,2.0,0.0,0.0,2.0,2.0,2.0,2.0,4.0,1.0,2.0,2.0,2.0,2.0,1.0,1.0,1.0,1.0,0.0,2.0,0,1000000.0
47297,2.0,1.0,2.0,2.0,0.0,2.0,0.0,0.0,2.0,2.0,2.0,2.0,4.0,1.0,2.0,2.0,2.0,2.0,1.0,1.0,1.0,1.0,0.0,2.0,0,1000000.0
21720,2.0,2.0,2.0,2.0,1.0,2.0,0.0,0.0,1.0,2.0,2.0,2.0,4.0,1.0,2.0,1.0,2.0,2.0,2.0,1.0,1.0,1.0,0.0,2.0,0,161227.0
31958,2.0,1.0,1.0,2.0,0.0,2.0,0.0,0.0,2.0,2.0,2.0,2.0,4.0,1.0,1.0,2.0,2.0,2.0,2.0,1.0,0.0,1.0,0.0,2.0,0,627353.0
43707,2.0,1.0,2.0,2.0,0.0,2.0,0.0,0.0,2.0,2.0,2.0,2.0,1.0,1.0,1.0,2.0,1.0,2.0,2.0,1.0,1.0,1.0,0.0,2.0,0,596430.0
21692,2.0,1.0,2.0,1.0,1.0,2.0,0.0,0.0,2.0,2.0,2.0,2.0,1.0,1.0,2.0,1.0,2.0,2.0,2.0,1.0,1.0,1.0,0.0,1.0,0,575314.0
41090,2.0,1.0,2.0,2.0,0.0,2.0,0.0,0.0,1.0,2.0,2.0,2.0,4.0,1.0,1.0,2.0,2.0,2.0,2.0,1.0,1.0,1.0,0.0,2.0,0,1316771.0
12711,2.0,1.0,2.0,1.0,0.0,2.0,0.0,0.0,1.0,1.0,2.0,2.0,4.0,1.0,2.0,1.0,2.0,2.0,2.0,1.0,1.0,1.0,2.0,2.0,0,571808.0
12355,2.0,1.0,2.0,2.0,0.0,2.0,0.0,0.0,2.0,2.0,2.0,2.0,4.0,1.0,1.0,2.0,2.0,2.0,2.0,1.0,1.0,1.0,0.0,2.0,0,838267.0
42330,2.0,1.0,2.0,1.0,0.0,2.0,0.0,0.0,1.0,2.0,2.0,2.0,4.0,1.0,1.0,2.0,2.0,2.0,2.0,1.0,1.0,1.0,0.0,2.0,0,674421.0
25959,2.0,2.0,2.0,2.0,0.0,2.0,0.0,0.0,2.0,2.0,2.0,2.0,4.0,2.0,2.0,2.0,2.0,2.0,2.0,1.0,1.0,1.0,0.0,2.0,0,619754.0
31968,1.0,1.0,2.0,2.0,0.0,2.0,0.0,0.0,2.0,2.0,2.0,2.0,4.0,1.0,2.0,1.0,2.0,2.0,2.0,1.0,0.0,1.0,1.0,2.0,0,1000000.0
24755,2.0,2.0,2.0,2.0,0.0,2.0,1.0,0.0,2.0,2.0,2.0,2.0,4.0,2.0,2.0,2.0,2.0,2.0,2.0,2.0,1.0,1.0,0.0,2.0,1,630000.0
24721,2.0,2.0,2.0,2.0,0.0,2.0,0.0,0.0,2.0,2.0,2.0,2.0,4.0,1.0,1.0,2.0,2.0,2.0,1.0,1.0,1.0,1.0,0.0,2.0,0,339000.0
25689,1.0,2.0,2.0,1.0,0.0,2.0,0.0,0.0,2.0,2.0,2.0,2.0,4.0,1.0,1.0,2.0,2.0,2.0,1.0,2.0,1.0,1.0,2.0,2.0,0,88647.0
38557,2.0,2.0,2.0,2.0,0.0,2.0,0.0,0.0,2.0,2.0,2.0,2.0,4.0,2.0,2.0,2.0,2.0,2.0,2.0,1.0,1.0,1.0,0.0,1.0,1,102924.0
29524,2.0,2.0,2.0,2.0,0.0,2.0,0.0,0.0,2.0,2.0,2.0,2.0,4.0,1.0,1.0,2.0,2.0,2.0,2.0,1.0,1.0,1.0,0.0,1.0,0,423659.0
47337,2.0,1.0,2.0,2.0,0.0,2.0,0.0,0.0,2.0,2.0,2.0,2.0,4.0,1.0,2.0,1.0,2.0,1.0,1.0,1.0,1.0,1.0,0.0,2.0,1,1000000.0
47338,2.0,1.0,2.0,2.0,0.0,2.0,0.0,0.0,2.0,2.0,2.0,2.0,4.0,1.0,2.0,1.0,1.0,1.0,1.0,1.0,1.0,1.0,0.0,2.0,0,222415.0
47324,2.0,1.0,2.0,2.0,0.0,2.0,0.0,0.0,2.0,2.0,2.0,2.0,4.0,1.0,2.0,2.0,2.0,1.0,1.0,3.0,1.0,1.0,0.0,1.0,1,996622.0
47284,2.0,1.0,2.0,2.0,0.0,2.0,0.0,0.0,2.0,2.0,2.0,2.0,4.0,1.0,2.0,2.0,2.0,2.0,1.0,1.0,1.0,1.0,0.0,2.0,0,1000000.0
24737,2.0,2.0,2.0,2.0,1.0,2.0,0.0,0.0,2.0,2.0,2.0,2.0,4.0,1.0,2.0,1.0,2.0,2.0,1.0,2.0,1.0,1.0,0.0,1.0,0,296071.0
41490,1.0,2.0,2.0,1.0,0.0,2.0,0.0,0.0,2.0,2.0,2.0,2.0,4.0,1.0,2.0,1.0,2.0,1.0,1.0,1.0,1.0,1.0,0.0,1.0,0,971380.0
25692,2.0,1.0,1.0,2.0,0.0,2.0,0.0,0.0,2.0,2.0,2.0,2.0,4.0,1.0,1.0,2.0,1.0,2.0,1.0,1.0,1.0,1.0,0.0,2.0,0,640150.0
24753,2.0,2.0,2.0,2.0,0.0,2.0,0.0,0.0,2.0,2.0,2.0,2.0,4.0,1.0,1.0,2.0,2.0,2.0,2.0,1.0,1.0,1.0,0.0,2.0,0,620000.0
38546,2.0,2.0,2.0,2.0,0.0,2.0,0.0,0.0,2.0,2.0,2.0,2.0,4.0,1.0,2.0,1.0,2.0,2.0,2.0,1.0,1.0,1.0,0.0,1.0,0,418541.0
25681,2.0,1.0,2.0,2.0,1.0,2.0,0.0,0.0,2.0,2.0,2.0,2.0,1.0,1.0,1.0,2.0,2.0,2.0,2.0,2.0,1.0,1.0,2.0,2.0,0,169516.0
25683,1.0,2.0,2.0,2.0,0.0,2.0,0.0,0.0,2.0,2.0,2.0,2.0,1.0,1.0,1.0,2.0,2.0,2.0,1.0,2.0,1.0,1.0,2.0,1.0,0,721735.0
43691,2.0,1.0,1.0,2.0,0.0,2.0,1.0,0.0,2.0,2.0,2.0,2.0,4.0,1.0,2.0,2.0,1.0,2.0,2.0,1.0,1.0,1.0,0.0,2.0,0,504926.0
12423,2.0,1.0,2.0,2.0,0.0,2.0,0.0,0.0,2.0,2.0,2.0,2.0,4.0,1.0,1.0,2.0,2.0,2.0,2.0,1.0,1.0,1.0,0.0,2.0,0,800000.0
41059,2.0,1.0,1.0,2.0,0.0,2.0,0.0,0.0,2.0,2.0,2.0,2.0,1.0,1.0,1.0,2.0,1.0,2.0,2.0,1.0,1.0,1.0,0.0,2.0,0,673663.0
21721,2.0,2.0,2.0,2.0,1.0,1.0,0.0,0.0,1.0,2.0,2.0,2.0,1.0,1.0,2.0,1.0,2.0,2.0,2.0,2.0,1.0,1.0,0.0,2.0,0,330662.0
25960,2.0,2.0,2.0,2.0,0.0,2.0,0.0,0.0,2.0,2.0,2.0,2.0,4.0,2.0,2.0,2.0,2.0,2.0,2.0,1.0,1.0,1.0,0.0,2.0,0,606925.0
41024,1.0,1.0,1.0,1.0,0.0,2.0,0.0,0.0,2.0,2.0,2.0,2.0,4.0,1.0,1.0,2.0,2.0,2.0,2.0,2.0,1.0,1.0,0.0,1.0,1,1014705.0
47314,2.0,1.0,2.0,2.0,0.0,2.0,0.0,0.0,2.0,2.0,2.0,2.0,4.0,1.0,2.0,1.0,2.0,1.0,1.0,2.0,1.0,1.0,0.0,2.0,0,142011.0
21749,2.0,2.0,2.0,1.0,1.0,1.0,0.0,0.0,1.0,2.0,2.0,2.0,1.0,2.0,2.0,2.0,2.0,2.0,2.0,2.0,1.0,1.0,0.0,1.0,0,250491.0
41091,2.0,1.0,2.0,1.0,0.0,2.0,0.0,0.0,2.0,2.0,2.0,2.0,4.0,1.0,1.0,2.0,1.0,2.0,2.0,1.0,1.0,1.0,0.0,1.0,0,1229240.0
21716,2.0,2.0,2.0,2.0,1.0,2.0,0.0,0.0,1.0,2.0,2.0,2.0,4.0,1.0,1.0,2.0,2.0,2.0,2.0,2.0,1.0,1.0,0.0,1.0,0,362243.0
42251,2.0,1.0,2.0,1.0,0.0,2.0,0.0,0.0,1.0,2.0,2.0,1.0,4.0,1.0,2.0,1.0,2.0,2.0,2.0,1.0,0.0,1.0,0.0,2.0,0,523827.0
41055,2.0,1.0,1.0,1.0,0.0,2.0,0.0,0.0,1.0,1.0,2.0,2.0,4.0,1.0,1.0,2.0,2.0,2.0,2.0,1.0,1.0,1.0,0.0,1.0,0,788396.0
25670,2.0,2.0,2.0,2.0,0.0,2.0,0.0,0.0,2.0,2.0,2.0,2.0,4.0,1.0,1.0,2.0,2.0,2.0,2.0,1.0,1.0,1.0,0.0,2.0,0,349980.0
12678,2.0,1.0,2.0,2.0,0.0,2.0,0.0,0.0,2.0,2.0,2.0,2.0,4.0,1.0,1.0,2.0,2.0,2.0,2.0,1.0,1.0,2.0,0.0,2.0,1,280868.0
25698,2.0,1.0,2.0,2.0,0.0,2.0,0.0,0.0,2.0,2.0,2.0,2.0,4.0,1.0,1.0,2.0,1.0,2.0,2.0,2.0,1.0,1.0,0.0,2.0,0,750000.0
29528,2.0,2.0,2.0,2.0,0.0,2.0,0.0,0.0,2.0,2.0,2.0,2.0,4.0,1.0,2.0,1.0,2.0,2.0,2.0,1.0,1.0,1.0,0.0,2.0,0,357167.0
35240,2.0,1.0,2.0,1.0,1.0,2.0,0.0,0.0,1.0,2.0,2.0,2.0,4.0,1.0,1.0,2.0,2.0,1.0,2.0,1.0,1.0,1.0,1.0,1.0,0,1390202.0
25690,2.0,1.0,2.0,2.0,0.0,2.0,1.0,0.0,2.0,2.0,2.0,2.0,1.0,1.0,1.0,2.0,2.0,2.0,1.0,2.0,1.0,1.0,0.0,2.0,0,167072.0
38562,2.0,2.0,2.0,2.0,0.0,2.0,0.0,0.0,2.0,2.0,2.0,2.0,4.0,1.0,2.0,1.0,2.0,2.0,2.0,1.0,1.0,1.0,0.0,2.0,0,533015.0
21697,2.0,1.0,2.0,1.0,0.0,2.0,0.0,0.0,2.0,2.0,2.0,2.0,4.0,2.0,2.0,2.0,2.0,2.0,2.0,2.0,1.0,1.0,0.0,1.0,0,639595.0
12673,2.0,1.0,2.0,1.0,0.0,2.0,0.0,0.0,2.0,2.0,2.0,2.0,4.0,1.0,1.0,2.0,2.0,2.0,2.0,1.0,1.0,2.0,2.0,2.0,0,713343.0
12327,2.0,1.0,1.0,2.0,0.0,2.0,0.0,0.0,2.0,2.0,2.0,2.0,4.0,1.0,1.0,2.0,2.0,2.0,2.0,2.0,1.0,1.0,0.0,1.0,0,631389.0
24762,2.0,2.0,2.0,2.0,0.0,2.0,0.0,0.0,2.0,2.0,2.0,2.0,4.0,1.0,1.0,2.0,2.0,2.0,2.0,1.0,1.0,1.0,0.0,1.0,0,592000.0
25669,2.0,1.0,2.0,1.0,0.0,2.0,1.0,0.0,2.0,2.0,2.0,2.0,1.0,1.0,2.0,1.0,2.0,2.0,2.0,2.0,1.0,1.0,2.0,1.0,0,423377.0
31970,2.0,1.0,2.0,1.0,0.0,2.0,0.0,0.0,2.0,2.0,2.0,2.0,4.0,1.0,2.0,1.0,2.0,2.0,2.0,1.0,0.0,1.0,1.0,2.0,1,930282.0
29529,2.0,2.0,2.0,2.0,0.0,2.0,1.0,0.0,2.0,2.0,2.0,2.0,4.0,1.0,2.0,1.0,2.0,2.0,2.0,2.0,1.0,1.0,0.0,1.0,0,835834.0
25700,2.0,1.0,1.0,2.0,0.0,2.0,1.0,0.0,2.0,2.0,2.0,2.0,1.0,1.0,1.0,2.0,1.0,2.0,2.0,2.0,1.0,1.0,0.0,2.0,0,588346.0
31995,2.0,2.0,2.0,2.0,0.0,2.0,1.0,0.0,1.0,2.0,2.0,2.0,4.0,1.0,2.0,1.0,2.0,2.0,2.0,2.0,1.0,1.0,0.0,2.0,0,191428.0
12387,2.0,1.0,1.0,2.0,0.0,2.0,0.0,0.0,2.0,2.0,2.0,2.0,4.0,1.0,1.0,2.0,2.0,2.0,2.0,1.0,1.0,1.0,0.0,2.0,0,636945.0
41061,2.0,1.0,1.0,2.0,0.0,2.0,0.0,0.0,1.0,2.0,2.0,2.0,4.0,1.0,1.0,2.0,1.0,2.0,2.0,1.0,1.0,1.0,0.0,1.0,0,851014.0
35580,1.0,1.0,1.0,1.0,1.0,2.0,0.0,0.0,2.0,2.0,2.0,2.0,4.0,1.0,1.0,1.0,2.0,2.0,2.0,1.0,1.0,1.0,1.0,1.0,0,430504.0
47328,2.0,1.0,2.0,2.0,0.0,2.0,0.0,0.0,2.0,2.0,2.0,2.0,4.0,1.0,2.0,1.0,2.0,1.0,1.0,1.0,1.0,1.0,0.0,1.0,1,493595.0
35471,2.0,1.0,1.0,1.0,1.0,2.0,0.0,0.0,1.0,2.0,2.0,2.0,4.0,1.0,2.0,2.0,2.0,1.0,2.0,1.0,1.0,1.0,1.0,1.0,0,1344479.0
12667,2.0,1.0,1.0,2.0,0.0,2.0,0.0,0.0,2.0,2.0,2.0,2.0,4.0,1.0,2.0,1.0,2.0,2.0,2.0,1.0,1.0,1.0,0.0,1.0,0,699058.0
41080,2.0,1.0,2.0,1.0,0.0,2.0,0.0,0.0,2.0,2.0,2.0,2.0,1.0,1.0,1.0,2.0,1.0,2.0,2.0,1.0,1.0,1.0,0.0,1.0,0,1141699.0
29532,2.0,2.0,2.0,2.0,0.0,2.0,0.0,0.0,2.0,2.0,2.0,2.0,4.0,2.0,2.0,2.0,2.0,2.0,2.0,1.0,1.0,1.0,0.0,2.0,0,398880.0
12676,2.0,1.0,1.0,1.0,0.0,2.0,0.0,0.0,2.0,2.0,2.0,2.0,4.0,1.0,1.0,2.0,2.0,2.0,2.0,1.0,1.0,1.0,2.0,2.0,0,778238.0
47232,2.0,1.0,2.0,2.0,0.0,2.0,0.0,0.0,2.0,2.0,2.0,2.0,4.0,1.0,2.0,2.0,2.0,2.0,1.0,2.0,1.0,1.0,0.0,2.0,0,368306.0
41010,2.0,1.0,1.0,2.0,0.0,2.0,0.0,0.0,1.0,2.0,2.0,2.0,4.0,1.0,1.0,2.0,1.0,2.0,2.0,2.0,1.0,1.0,0.0,2.0,0,594933.0
38548,2.0,2.0,2.0,1.0,0.0,2.0,0.0,0.0,2.0,2.0,2.0,2.0,4.0,1.0,2.0,1.0,2.0,2.0,2.0,1.0,1.0,1.0,0.0,1.0,0,625983.0
31951,2.0,1.0,2.0,1.0,0.0,2.0,0.0,0.0,2.0,2.0,2.0,2.0,4.0,1.0,2.0,1.0,2.0,2.0,2.0,1.0,1.0,1.0,0.0,2.0,0,529948.0
47349,2.0,1.0,2.0,2.0,0.0,2.0,0.0,0.0,2.0,2.0,2.0,2.0,4.0,1.0,2.0,1.0,2.0,1.0,1.0,1.0,1.0,1.0,0.0,1.0,0,1000000.0
12724,2.0,1.0,1.0,1.0,0.0,2.0,0.0,0.0,2.0,2.0,2.0,2.0,4.0,1.0,1.0,2.0,2.0,2.0,2.0,1.0,1.0,1.0,0.0,1.0,0,812725.0
41003,2.0,1.0,1.0,2.0,0.0,2.0,0.0,0.0,2.0,2.0,2.0,2.0,1.0,1.0,2.0,1.0,1.0,2.0,2.0,1.0,1.0,1.0,0.0,2.0,0,554284.0
31934,2.0,1.0,1.0,1.0,0.0,2.0,0.0,0.0,1.0,2.0,2.0,2.0,4.0,1.0,2.0,1.0,2.0,2.0,2.0,1.0,1.0,1.0,0.0,2.0,0,505687.0
29517,2.0,2.0,2.0,2.0,0.0,2.0,0.0,0.0,2.0,2.0,2.0,2.0,4.0,1.0,1.0,2.0,2.0,2.0,2.0,2.0,1.0,1.0,0.0,1.0,0,727434.0
32022,1.0,2.0,2.0,2.0,0.0,2.0,0.0,0.0,1.0,2.0,2.0,2.0,4.0,2.0,2.0,2.0,2.0,2.0,2.0,1.0,1.0,1.0,0.0,2.0,1,934565.0
47230,2.0,1.0,2.0,2.0,0.0,2.0,0.0,0.0,2.0,2.0,2.0,2.0,4.0,1.0,2.0,1.0,2.0,1.0,1.0,2.0,1.0,1.0,0.0,1.0,0,693000.0
47302,2.0,1.0,2.0,2.0,0.0,2.0,0.0,0.0,2.0,2.0,2.0,2.0,4.0,1.0,2.0,2.0,2.0,2.0,1.0,1.0,1.0,1.0,0.0,2.0,0,1000000.0
24715,2.0,2.0,2.0,2.0,0.0,2.0,0.0,0.0,2.0,2.0,2.0,2.0,4.0,1.0,2.0,1.0,2.0,2.0,2.0,1.0,1.0,1.0,0.0,2.0,0,470000.0
31987,2.0,2.0,2.0,2.0,0.0,2.0,0.0,0.0,2.0,2.0,2.0,2.0,1.0,1.0,2.0,1.0,2.0,2.0,2.0,2.0,1.0,1.0,0.0,2.0,0,389328.0
38551,2.0,2.0,2.0,2.0,0.0,2.0,0.0,0.0,2.0,2.0,2.0,2.0,4.0,1.0,2.0,2.0,2.0,2.0,1.0,2.0,1.0,1.0,0.0,2.0,0,595162.0
47291,2.0,1.0,2.0,2.0,0.0,2.0,0.0,0.0,2.0,2.0,2.0,2.0,4.0,1.0,2.0,1.0,2.0,2.0,1.0,2.0,1.0,1.0,0.0,1.0,0,422691.0
24767,2.0,2.0,2.0,2.0,0.0,2.0,0.0,0.0,2.0,2.0,2.0,2.0,4.0,2.0,2.0,2.0,2.0,2.0,2.0,1.0,1.0,1.0,0.0,2.0,0,619000.0
29523,2.0,2.0,2.0,2.0,0.0,2.0,1.0,0.0,2.0,2.0,2.0,2.0,4.0,1.0,2.0,1.0,2.0,2.0,2.0,1.0,1.0,1.0,0.0,2.0,0,243310.0
41115,2.0,1.0,1.0,2.0,0.0,2.0,0.0,0.0,2.0,2.0,2.0,2.0,4.0,1.0,2.0,1.0,2.0,2.0,2.0,1.0,1.0,1.0,0.0,2.0,0,539499.0
12690,2.0,1.0,1.0,1.0,0.0,2.0,1.0,0.0,2.0,2.0,2.0,2.0,1.0,1.0,1.0,2.0,2.0,2.0,2.0,2.0,1.0,1.0,0.0,2.0,0,442749.0
24739,2.0,2.0,2.0,2.0,0.0,2.0,0.0,0.0,2.0,2.0,2.0,2.0,4.0,1.0,2.0,1.0,2.0,2.0,2.0,1.0,1.0,1.0,0.0,1.0,1,195800.0
32003,2.0,2.0,2.0,2.0,0.0,2.0,1.0,0.0,2.0,2.0,2.0,2.0,4.0,1.0,1.0,2.0,2.0,2.0,2.0,3.0,1.0,1.0,0.0,2.0,0,311650.0
31936,2.0,1.0,2.0,2.0,0.0,2.0,0.0,0.0,2.0,2.0,2.0,2.0,4.0,1.0,1.0,2.0,2.0,2.0,2.0,1.0,1.0,1.0,0.0,2.0,0,750000.0
41117,2.0,1.0,1.0,2.0,0.0,2.0,0.0,0.0,1.0,2.0,2.0,2.0,4.0,1.0,2.0,1.0,1.0,2.0,2.0,1.0,1.0,1.0,0.0,2.0,0,694174.0
12404,2.0,1.0,2.0,2.0,0.0,2.0,0.0,0.0,2.0,2.0,2.0,2.0,4.0,1.0,1.0,2.0,2.0,2.0,2.0,1.0,1.0,1.0,0.0,2.0,1,564090.0
41083,2.0,1.0,2.0,1.0,1.0,2.0,0.0,0.0,2.0,2.0,2.0,2.0,1.0,1.0,2.0,1.0,1.0,2.0,2.0,2.0,1.0,1.0,0.0,1.0,1,603350.0
12728,2.0,1.0,1.0,1.0,0.0,2.0,0.0,0.0,1.0,2.0,2.0,2.0,4.0,1.0,2.0,1.0,2.0,2.0,2.0,1.0,1.0,1.0,0.0,2.0,0,550901.0
42299,2.0,1.0,1.0,1.0,0.0,2.0,0.0,0.0,1.0,2.0,2.0,2.0,4.0,1.0,2.0,1.0,2.0,2.0,2.0,1.0,1.0,1.0,0.0,2.0,1,800000.0
24761,2.0,2.0,2.0,2.0,1.0,2.0,0.0,0.0,2.0,2.0,2.0,2.0,4.0,1.0,2.0,1.0,2.0,2.0,1.0,2.0,1.0,1.0,0.0,2.0,0,264232.0
47311,2.0,1.0,2.0,2.0,0.0,2.0,0.0,0.0,2.0,2.0,2.0,2.0,4.0,1.0,2.0,1.0,2.0,1.0,1.0,1.0,1.0,1.0,0.0,2.0,0,646087.0
35315,2.0,1.0,1.0,1.0,1.0,2.0,0.0,0.0,1.0,2.0,2.0,2.0,4.0,1.0,2.0,2.0,2.0,1.0,2.0,1.0,1.0,1.0,1.0,1.0,0,979339.0
25682,2.0,2.0,2.0,2.0,0.0,2.0,0.0,0.0,2.0,2.0,2.0,2.0,4.0,1.0,1.0,2.0,2.0,2.0,1.0,1.0,1.0,1.0,0.0,2.0,0,346567.0
42239,2.0,1.0,2.0,1.0,0.0,2.0,0.0,0.0,2.0,2.0,2.0,2.0,4.0,1.0,1.0,2.0,2.0,2.0,2.0,2.0,1.0,1.0,0.0,1.0,0,422487.0
21719,2.0,2.0,2.0,2.0,1.0,2.0,0.0,0.0,2.0,2.0,2.0,2.0,4.0,1.0,1.0,1.0,1.0,1.0,2.0,2.0,1.0,1.0,0.0,2.0,0,748133.0
47268,2.0,2.0,2.0,2.0,0.0,2.0,0.0,0.0,2.0,2.0,2.0,2.0,4.0,2.0,2.0,2.0,2.0,2.0,2.0,1.0,1.0,1.0,0.0,2.0,0,626445.0
38565,2.0,2.0,2.0,2.0,0.0,2.0,0.0,0.0,2.0,2.0,2.0,2.0,4.0,2.0,2.0,2.0,2.0,2.0,2.0,2.0,1.0,1.0,0.0,1.0,0,342800.0
40997,2.0,1.0,1.0,2.0,0.0,2.0,0.0,0.0,2.0,1.0,2.0,2.0,1.0,1.0,2.0,1.0,1.0,2.0,2.0,2.0,1.0,1.0,0.0,1.0,1,329361.0
47339,2.0,1.0,2.0,2.0,0.0,2.0,0.0,0.0,2.0,2.0,2.0,2.0,4.0,1.0,1.0,2.0,1.0,1.0,1.0,1.0,1.0,1.0,0.0,2.0,0,531140.0
12666,2.0,1.0,2.0,1.0,0.0,2.0,0.0,0.0,2.0,2.0,2.0,2.0,4.0,1.0,1.0,2.0,2.0,2.0,2.0,1.0,1.0,1.0,2.0,2.0,0,606769.0
41045,2.0,1.0,1.0,1.0,0.0,2.0,0.0,0.0,1.0,2.0,2.0,2.0,4.0,1.0,1.0,2.0,1.0,1.0,2.0,2.0,1.0,1.0,0.0,1.0,0,818104.0
42320,2.0,1.0,2.0,1.0,0.0,2.0,0.0,0.0,1.0,2.0,2.0,2.0,4.0,1.0,1.0,2.0,2.0,2.0,2.0,2.0,1.0,1.0,0.0,2.0,0,732912.0
24750,2.0,2.0,2.0,2.0,0.0,2.0,0.0,0.0,2.0,2.0,2.0,2.0,4.0,1.0,2.0,1.0,2.0,2.0,2.0,1.0,1.0,1.0,0.0,2.0,1,152500.0
25699,2.0,1.0,1.0,2.0,0.0,2.0,0.0,0.0,2.0,2.0,2.0,2.0,4.0,1.0,1.0,2.0,1.0,2.0,2.0,2.0,1.0,1.0,2.0,2.0,0,224787.0
41030,2.0,1.0,2.0,1.0,0.0,2.0,0.0,0.0,2.0,2.0,2.0,2.0,4.0,1.0,2.0,1.0,2.0,2.0,2.0,2.0,1.0,1.0,0.0,1.0,1,1112947.0
41008,2.0,1.0,2.0,2.0,0.0,2.0,0.0,0.0,1.0,2.0,2.0,2.0,4.0,1.0,2.0,1.0,2.0,2.0,2.0,1.0,1.0,1.0,0.0,2.0,0,1226166.0
38563,2.0,2.0,2.0,2.0,0.0,2.0,0.0,0.0,2.0,2.0,2.0,2.0,4.0,1.0,1.0,2.0,2.0,2.0,2.0,1.0,1.0,1.0,0.0,2.0,0,584689.0
25991,2.0,2.0,2.0,2.0,0.0,2.0,0.0,0.0,2.0,2.0,2.0,2.0,4.0,1.0,1.0,2.0,2.0,2.0,2.0,2.0,1.0,1.0,0.0,2.0,0,613976.0
31965,2.0,1.0,2.0,1.0,0.0,2.0,0.0,0.0,2.0,2.0,2.0,2.0,4.0,1.0,1.0,2.0,2.0,2.0,1.0,1.0,0.0,1.0,0.0,1.0,0,763208.0
47336,2.0,1.0,2.0,2.0,0.0,2.0,0.0,0.0,2.0,2.0,2.0,2.0,4.0,1.0,1.0,2.0,2.0,2.0,1.0,1.0,1.0,1.0,0.0,2.0,0,615683.0
12346,2.0,1.0,1.0,2.0,0.0,2.0,0.0,0.0,2.0,2.0,2.0,1.0,4.0,1.0,1.0,2.0,2.0,2.0,2.0,1.0,0.0,1.0,0.0,1.0,0,1433913.0
42305,2.0,1.0,2.0,1.0,0.0,2.0,0.0,0.0,1.0,2.0,2.0,2.0,4.0,1.0,1.0,2.0,2.0,2.0,2.0,1.0,1.0,1.0,0.0,2.0,0,796693.0
24751,2.0,2.0,2.0,2.0,0.0,2.0,0.0,0.0,2.0,2.0,2.0,2.0,4.0,1.0,2.0,1.0,2.0,2.0,2.0,1.0,1.0,1.0,0.0,1.0,0,609000.0
47221,2.0,1.0,2.0,2.0,0.0,2.0,0.0,0.0,2.0,2.0,2.0,2.0,4.0,1.0,2.0,1.0,2.0,2.0,1.0,2.0,1.0,1.0,0.0,2.0,0,250500.0
21735,2.0,1.0,2.0,2.0,0.0,2.0,0.0,0.0,2.0,2.0,2.0,2.0,4.0,1.0,1.0,1.0,1.0,1.0,2.0,1.0,1.0,1.0,0.0,1.0,1,581173.0
38564,2.0,2.0,2.0,2.0,0.0,2.0,0.0,0.0,2.0,2.0,2.0,2.0,4.0,1.0,1.0,2.0,2.0,2.0,2.0,2.0,1.0,1.0,0.0,2.0,0,313000.0
21742,2.0,2.0,2.0,2.0,1.0,2.0,0.0,0.0,2.0,2.0,2.0,2.0,4.0,1.0,2.0,1.0,2.0,2.0,2.0,3.0,1.0,1.0,0.0,2.0,0,244532.0
18816,2.0,1.0,2.0,1.0,0.0,2.0,0.0,0.0,1.0,2.0,2.0,2.0,1.0,1.0,2.0,2.0,2.0,2.0,1.0,1.0,1.0,1.0,0.0,1.0,0,891290.0
29538,2.0,2.0,2.0,2.0,0.0,2.0,0.0,0.0,2.0,2.0,2.0,2.0,4.0,1.0,2.0,2.0,2.0,2.0,1.0,2.0,1.0,1.0,0.0,2.0,0,643000.0
12665,2.0,1.0,2.0,1.0,0.0,2.0,1.0,1.0,2.0,2.0,2.0,2.0,1.0,1.0,1.0,2.0,2.0,2.0,2.0,2.0,1.0,1.0,2.0,2.0,0,187918.0
41065,2.0,1.0,2.0,1.0,1.0,2.0,0.0,0.0,2.0,2.0,2.0,2.0,1.0,1.0,2.0,1.0,2.0,2.0,2.0,2.0,1.0,1.0,0.0,1.0,0,1212373.0
47359,2.0,1.0,2.0,2.0,0.0,2.0,0.0,0.0,2.0,2.0,2.0,2.0,4.0,1.0,1.0,2.0,2.0,2.0,2.0,1.0,1.0,1.0,0.0,2.0,1,83850.0
41009,2.0,1.0,2.0,1.0,0.0,2.0,0.0,0.0,2.0,1.0,2.0,2.0,1.0,1.0,1.0,2.0,2.0,2.0,2.0,1.0,1.0,1.0,0.0,2.0,0,480977.0
21715,2.0,2.0,2.0,2.0,1.0,2.0,0.0,0.0,1.0,2.0,2.0,2.0,4.0,1.0,1.0,2.0,2.0,2.0,2.0,2.0,1.0,1.0,0.0,2.0,0,259552.0
24754,2.0,2.0,2.0,2.0,0.0,2.0,0.0,0.0,2.0,2.0,2.0,2.0,4.0,1.0,1.0,2.0,2.0,2.0,1.0,1.0,1.0,1.0,0.0,1.0,0,515000.0
31964,2.0,1.0,1.0,2.0,0.0,2.0,0.0,0.0,2.0,2.0,2.0,2.0,4.0,1.0,2.0,1.0,2.0,2.0,2.0,1.0,1.0,1.0,0.0,2.0,0,419958.0
31963,2.0,2.0,2.0,2.0,0.0,2.0,0.0,0.0,2.0,2.0,2.0,2.0,1.0,1.0,2.0,1.0,2.0,2.0,2.0,2.0,1.0,1.0,0.0,1.0,0,796771.0
38558,2.0,2.0,2.0,2.0,0.0,2.0,0.0,0.0,2.0,2.0,2.0,2.0,4.0,1.0,2.0,2.0,1.0,2.0,2.0,3.0,1.0,1.0,2.0,2.0,0,562457.0
25937,2.0,2.0,2.0,2.0,0.0,2.0,0.0,0.0,2.0,2.0,2.0,2.0,4.0,2.0,2.0,2.0,2.0,2.0,2.0,1.0,1.0,1.0,0.0,1.0,0,568750.0
47362,2.0,2.0,2.0,2.0,0.0,2.0,0.0,0.0,2.0,2.0,2.0,2.0,4.0,2.0,2.0,2.0,2.0,2.0,2.0,1.0,1.0,1.0,0.0,1.0,0,326436.0
41047,2.0,1.0,2.0,1.0,0.0,2.0,0.0,0.0,1.0,2.0,2.0,2.0,4.0,1.0,2.0,1.0,2.0,2.0,2.0,1.0,1.0,1.0,0.0,1.0,0,1082624.0
35373,2.0,1.0,1.0,1.0,1.0,2.0,0.0,0.0,1.0,2.0,2.0,2.0,4.0,1.0,2.0,2.0,2.0,1.0,2.0,1.0,1.0,1.0,1.0,2.0,0,917741.0
38547,2.0,2.0,2.0,2.0,0.0,2.0,0.0,0.0,2.0,2.0,2.0,2.0,4.0,1.0,2.0,1.0,2.0,2.0,2.0,1.0,1.0,1.0,0.0,1.0,0,670138.0
12679,2.0,1.0,2.0,1.0,0.0,2.0,0.0,0.0,1.0,2.0,2.0,2.0,4.0,1.0,1.0,2.0,2.0,2.0,2.0,1.0,1.0,2.0,2.0,2.0,0,765604.0
41486,2.0,2.0,2.0,1.0,0.0,2.0,0.0,0.0,2.0,2.0,2.0,2.0,1.0,1.0,1.0,2.0,2.0,2.0,1.0,2.0,1.0,1.0,0.0,1.0,0,845588.0
41084,2.0,1.0,1.0,2.0,0.0,2.0,0.0,0.0,1.0,2.0,2.0,2.0,4.0,1.0,2.0,1.0,2.0,2.0,2.0,1.0,1.0,1.0,0.0,2.0,0,376163.0
41013,2.0,1.0,2.0,2.0,0.0,2.0,0.0,0.0,1.0,2.0,2.0,2.0,4.0,1.0,2.0,1.0,2.0,2.0,2.0,1.0,1.0,1.0,0.0,1.0,0,1149842.0
21696,2.0,2.0,2.0,1.0,0.0,2.0,1.0,0.0,2.0,2.0,2.0,2.0,1.0,2.0,2.0,2.0,2.0,2.0,2.0,2.0,1.0,1.0,0.0,2.0,0,189983.0
43692,2.0,1.0,1.0,2.0,0.0,2.0,0.0,0.0,2.0,2.0,2.0,2.0,3.0,1.0,1.0,2.0,1.0,2.0,2.0,1.0,1.0,1.0,0.0,2.0,0,604387.0
29527,2.0,2.0,2.0,2.0,0.0,2.0,0.0,0.0,2.0,2.0,2.0,2.0,4.0,1.0,2.0,1.0,2.0,2.0,2.0,1.0,1.0,1.0,0.0,2.0,0,247822.0
31960,2.0,1.0,1.0,2.0,0.0,2.0,0.0,0.0,2.0,2.0,2.0,2.0,4.0,1.0,2.0,1.0,2.0,2.0,2.0,1.0,1.0,1.0,0.0,1.0,0,1000000.0
42225,2.0,1.0,2.0,1.0,0.0,2.0,0.0,0.0,2.0,2.0,2.0,2.0,4.0,1.0,2.0,1.0,2.0,2.0,2.0,1.0,1.0,1.0,0.0,2.0,0,425075.0
41028,2.0,1.0,1.0,2.0,0.0,2.0,0.0,0.0,1.0,2.0,2.0,2.0,4.0,1.0,2.0,1.0,1.0,2.0,2.0,1.0,1.0,1.0,0.0,2.0,1,340298.0
12664,2.0,1.0,2.0,1.0,1.0,2.0,0.0,0.0,2.0,2.0,2.0,2.0,4.0,1.0,1.0,2.0,2.0,2.0,2.0,1.0,1.0,1.0,0.0,2.0,0,646389.0
43694,2.0,1.0,1.0,2.0,0.0,2.0,1.0,0.0,2.0,2.0,2.0,2.0,4.0,1.0,2.0,2.0,1.0,2.0,2.0,3.0,1.0,1.0,0.0,2.0,0,113478.0
47316,2.0,1.0,2.0,2.0,0.0,2.0,0.0,0.0,2.0,2.0,2.0,2.0,4.0,1.0,2.0,1.0,2.0,2.0,1.0,2.0,1.0,1.0,0.0,1.0,0,154733.0
41088,2.0,1.0,1.0,2.0,0.0,2.0,0.0,0.0,1.0,2.0,2.0,2.0,4.0,1.0,2.0,1.0,1.0,2.0,2.0,1.0,1.0,1.0,0.0,2.0,0,710513.0
12410,2.0,1.0,1.0,2.0,0.0,2.0,0.0,0.0,2.0,2.0,2.0,2.0,4.0,1.0,1.0,2.0,2.0,2.0,2.0,2.0,1.0,1.0,0.0,2.0,1,622849.0
21726,2.0,1.0,2.0,2.0,0.0,2.0,0.0,0.0,2.0,2.0,2.0,2.0,4.0,1.0,1.0,1.0,1.0,1.0,2.0,1.0,1.0,1.0,0.0,1.0,1,1183982.0
42226,2.0,1.0,2.0,1.0,0.0,2.0,0.0,0.0,2.0,2.0,2.0,2.0,4.0,1.0,2.0,1.0,2.0,2.0,2.0,1.0,1.0,1.0,0.0,1.0,0,455368.0
12713,2.0,1.0,1.0,1.0,0.0,2.0,0.0,1.0,2.0,2.0,2.0,2.0,4.0,1.0,1.0,2.0,2.0,2.0,2.0,2.0,1.0,1.0,0.0,2.0,0,216235.0
47260,2.0,1.0,2.0,2.0,0.0,2.0,0.0,0.0,2.0,2.0,2.0,2.0,4.0,2.0,2.0,2.0,2.0,2.0,2.0,1.0,1.0,2.0,0.0,2.0,0,72169.0
32000,1.0,1.0,1.0,1.0,0.0,2.0,0.0,0.0,2.0,2.0,2.0,2.0,4.0,1.0,2.0,1.0,2.0,2.0,2.0,1.0,1.0,1.0,0.0,2.0,0,508233.0
47332,1.0,2.0,2.0,2.0,0.0,2.0,0.0,0.0,2.0,2.0,2.0,2.0,4.0,2.0,2.0,2.0,2.0,2.0,2.0,1.0,1.0,1.0,0.0,2.0,0,155547.0
42319,2.0,1.0,2.0,1.0,0.0,2.0,1.0,0.0,2.0,2.0,2.0,2.0,4.0,1.0,1.0,2.0,2.0,2.0,2.0,1.0,1.0,1.0,2.0,2.0,0,710244.0
35441,2.0,1.0,2.0,1.0,1.0,2.0,0.0,0.0,1.0,2.0,2.0,2.0,4.0,1.0,1.0,2.0,2.0,2.0,2.0,2.0,1.0,1.0,1.0,1.0,0,590153.0
12727,2.0,1.0,2.0,1.0,0.0,2.0,0.0,0.0,2.0,2.0,2.0,2.0,4.0,1.0,1.0,2.0,2.0,2.0,2.0,1.0,1.0,1.0,0.0,1.0,0,848175.0
25938,2.0,1.0,2.0,2.0,0.0,2.0,0.0,0.0,2.0,2.0,2.0,2.0,4.0,1.0,2.0,2.0,2.0,2.0,1.0,3.0,1.0,2.0,0.0,2.0,0,528417.0
12349,2.0,1.0,2.0,2.0,0.0,2.0,0.0,0.0,2.0,2.0,2.0,2.0,4.0,1.0,1.0,2.0,2.0,2.0,2.0,1.0,1.0,1.0,0.0,2.0,0,844378.0
51984,2.0,1.0,2.0,1.0,0.0,2.0,0.0,0.0,2.0,2.0,2.0,2.0,4.0,1.0,1.0,2.0,2.0,2.0,2.0,1.0,1.0,1.0,0.0,2.0,1,222333.0
42303,2.0,1.0,2.0,1.0,0.0,2.0,0.0,0.0,2.0,2.0,2.0,2.0,4.0,1.0,1.0,2.0,2.0,2.0,2.0,2.0,1.0,1.0,0.0,2.0,0,758228.0
25943,2.0,2.0,2.0,2.0,0.0,2.0,0.0,0.0,2.0,2.0,2.0,2.0,4.0,2.0,2.0,2.0,2.0,2.0,2.0,1.0,1.0,1.0,0.0,2.0,0,580000.0
25929,2.0,2.0,2.0,2.0,0.0,2.0,0.0,0.0,2.0,2.0,2.0,2.0,4.0,1.0,1.0,2.0,2.0,2.0,2.0,2.0,1.0,1.0,0.0,1.0,0,451562.0
12370,2.0,1.0,2.0,2.0,0.0,2.0,0.0,0.0,2.0,2.0,2.0,2.0,4.0,1.0,1.0,2.0,2.0,2.0,2.0,2.0,1.0,1.0,0.0,1.0,1,1004762.0
39266,1.0,1.0,2.0,2.0,1.0,2.0,1.0,0.0,2.0,2.0,2.0,2.0,1.0,1.0,1.0,2.0,2.0,2.0,2.0,1.0,1.0,1.0,0.0,2.0,0,279675.0
25679,2.0,2.0,2.0,2.0,0.0,2.0,0.0,0.0,2.0,2.0,2.0,2.0,1.0,1.0,1.0,2.0,1.0,2.0,1.0,1.0,1.0,1.0,0.0,1.0,0,750000.0
41058,2.0,1.0,1.0,2.0,0.0,2.0,0.0,0.0,1.0,2.0,2.0,2.0,1.0,1.0,2.0,1.0,1.0,2.0,2.0,1.0,1.0,1.0,0.0,2.0,0,580407.0
12735,2.0,1.0,2.0,1.0,0.0,2.0,0.0,0.0,1.0,1.0,2.0,2.0,4.0,1.0,2.0,1.0,2.0,2.0,2.0,1.0,1.0,1.0,0.0,2.0,0,443588.0
21763,2.0,1.0,2.0,1.0,0.0,2.0,0.0,0.0,2.0,2.0,2.0,2.0,1.0,1.0,1.0,2.0,1.0,2.0,2.0,2.0,1.0,1.0,0.0,2.0,0,664408.0
12391,2.0,1.0,1.0,2.0,0.0,2.0,0.0,0.0,2.0,2.0,2.0,2.0,4.0,1.0,1.0,2.0,2.0,2.0,2.0,2.0,1.0,1.0,0.0,1.0,1,279640.0
42313,2.0,1.0,2.0,1.0,0.0,2.0,0.0,0.0,1.0,2.0,2.0,2.0,4.0,1.0,1.0,2.0,2.0,2.0,2.0,2.0,1.0,1.0,0.0,2.0,0,850000.0
32005,1.0,1.0,2.0,2.0,0.0,2.0,0.0,0.0,2.0,2.0,2.0,2.0,4.0,1.0,2.0,1.0,2.0,2.0,2.0,1.0,1.0,1.0,0.0,2.0,0,654784.0
41087,2.0,1.0,1.0,1.0,0.0,2.0,0.0,0.0,1.0,2.0,2.0,2.0,4.0,1.0,1.0,2.0,2.0,2.0,2.0,1.0,1.0,1.0,0.0,1.0,1,1066765.0
31945,2.0,2.0,2.0,1.0,0.0,2.0,1.0,0.0,2.0,2.0,2.0,2.0,4.0,1.0,2.0,1.0,2.0,2.0,2.0,2.0,1.0,1.0,2.0,2.0,0,238043.0
21690,2.0,1.0,2.0,1.0,0.0,2.0,0.0,0.0,2.0,2.0,2.0,2.0,4.0,2.0,2.0,2.0,2.0,2.0,2.0,2.0,1.0,1.0,0.0,1.0,0,933974.0
24712,2.0,2.0,2.0,2.0,0.0,2.0,0.0,0.0,2.0,2.0,2.0,2.0,4.0,1.0,2.0,1.0,2.0,2.0,2.0,1.0,1.0,1.0,0.0,2.0,0,358000.0
793,2.0,1.0,2.0,2.0,0.0,2.0,0.0,0.0,1.0,2.0,2.0,2.0,4.0,1.0,1.0,2.0,1.0,2.0,1.0,1.0,1.0,1.0,0.0,2.0,0,353361.0
42162,2.0,1.0,2.0,2.0,0.0,1.0,0.0,0.0,1.0,2.0,2.0,2.0,1.0,1.0,1.0,2.0,2.0,2.0,2.0,2.0,1.0,1.0,0.0,2.0,0,257284.0
12675,2.0,1.0,2.0,2.0,0.0,2.0,0.0,0.0,2.0,2.0,2.0,2.0,4.0,1.0,2.0,1.0,2.0,2.0,2.0,1.0,1.0,2.0,0.0,2.0,1,457764.0
25995,2.0,2.0,2.0,2.0,0.0,2.0,0.0,0.0,2.0,2.0,2.0,2.0,4.0,1.0,2.0,1.0,2.0,2.0,2.0,1.0,1.0,1.0,0.0,2.0,1,647500.0
47258,2.0,1.0,2.0,2.0,0.0,2.0,0.0,0.0,2.0,2.0,2.0,2.0,4.0,1.0,1.0,2.0,2.0,2.0,2.0,1.0,1.0,1.0,2.0,2.0,1,94478.0
24730,2.0,2.0,2.0,2.0,0.0,2.0,0.0,0.0,2.0,2.0,2.0,2.0,4.0,1.0,2.0,1.0,2.0,2.0,1.0,1.0,1.0,1.0,0.0,2.0,0,535000.0
41011,2.0,1.0,1.0,2.0,0.0,2.0,0.0,0.0,2.0,2.0,2.0,2.0,4.0,1.0,2.0,1.0,2.0,2.0,2.0,1.0,1.0,1.0,0.0,2.0,0,670122.0
41069,2.0,1.0,1.0,2.0,1.0,2.0,0.0,0.0,2.0,2.0,2.0,2.0,4.0,1.0,2.0,1.0,2.0,2.0,2.0,2.0,1.0,1.0,0.0,2.0,0,402364.0
35592,2.0,1.0,2.0,1.0,1.0,2.0,0.0,0.0,2.0,2.0,2.0,2.0,4.0,1.0,2.0,2.0,2.0,1.0,2.0,1.0,1.0,1.0,1.0,1.0,1,1406070.0
12703,2.0,1.0,1.0,1.0,0.0,1.0,0.0,0.0,2.0,2.0,2.0,2.0,1.0,1.0,1.0,2.0,2.0,2.0,2.0,2.0,1.0,1.0,0.0,1.0,0,352984.0
39265,1.0,1.0,1.0,1.0,0.0,2.0,1.0,0.0,1.0,2.0,2.0,2.0,1.0,1.0,1.0,2.0,2.0,2.0,2.0,1.0,1.0,1.0,0.0,2.0,0,466700.0
41027,2.0,1.0,2.0,2.0,0.0,2.0,1.0,0.0,2.0,2.0,2.0,2.0,4.0,1.0,1.0,2.0,2.0,2.0,2.0,1.0,1.0,1.0,0.0,2.0,0,832299.0
25686,2.0,2.0,2.0,2.0,0.0,2.0,0.0,0.0,2.0,2.0,2.0,2.0,4.0,1.0,1.0,2.0,2.0,2.0,1.0,1.0,1.0,1.0,0.0,1.0,0,348990.0
25967,2.0,2.0,2.0,2.0,0.0,2.0,0.0,0.0,2.0,2.0,2.0,2.0,4.0,2.0,2.0,2.0,2.0,2.0,2.0,1.0,1.0,1.0,0.0,2.0,0,604527.0
47274,2.0,1.0,2.0,2.0,0.0,2.0,0.0,0.0,2.0,2.0,2.0,2.0,4.0,1.0,2.0,1.0,2.0,2.0,1.0,1.0,1.0,1.0,0.0,2.0,1,696595.0
24736,2.0,2.0,2.0,2.0,1.0,2.0,0.0,0.0,2.0,2.0,2.0,2.0,4.0,1.0,2.0,1.0,2.0,2.0,1.0,2.0,1.0,1.0,0.0,1.0,0,295529.0
42284,2.0,1.0,2.0,1.0,0.0,2.0,0.0,0.0,2.0,2.0,2.0,2.0,4.0,1.0,2.0,1.0,2.0,2.0,2.0,1.0,1.0,1.0,0.0,2.0,0,473975.0
29525,2.0,2.0,2.0,2.0,0.0,2.0,0.0,0.0,2.0,2.0,2.0,2.0,4.0,1.0,2.0,2.0,2.0,2.0,1.0,1.0,1.0,1.0,0.0,1.0,0,725000.0
47270,2.0,1.0,2.0,2.0,0.0,2.0,0.0,0.0,2.0,2.0,2.0,2.0,4.0,2.0,2.0,2.0,2.0,2.0,2.0,1.0,1.0,1.0,2.0,2.0,0,66108.0
32030,2.0,2.0,2.0,1.0,0.0,2.0,0.0,0.0,2.0,2.0,2.0,2.0,4.0,2.0,2.0,2.0,2.0,2.0,2.0,2.0,1.0,1.0,0.0,1.0,0,361525.0
47313,2.0,1.0,2.0,2.0,0.0,2.0,0.0,0.0,2.0,2.0,2.0,2.0,4.0,1.0,2.0,2.0,2.0,2.0,1.0,1.0,1.0,1.0,0.0,1.0,0,1000000.0
12716,2.0,1.0,1.0,1.0,0.0,2.0,0.0,0.0,1.0,2.0,2.0,2.0,4.0,1.0,1.0,2.0,2.0,2.0,2.0,1.0,1.0,1.0,0.0,1.0,0,786261.0
43688,2.0,1.0,2.0,2.0,0.0,2.0,0.0,0.0,2.0,2.0,2.0,2.0,4.0,1.0,2.0,2.0,1.0,2.0,2.0,2.0,1.0,1.0,0.0,1.0,1,229568.0
31938,2.0,2.0,2.0,2.0,0.0,2.0,0.0,0.0,2.0,2.0,2.0,2.0,4.0,1.0,1.0,2.0,2.0,2.0,2.0,2.0,1.0,1.0,0.0,2.0,1,84534.0
41038,2.0,1.0,1.0,1.0,0.0,2.0,0.0,0.0,2.0,2.0,2.0,2.0,4.0,1.0,1.0,2.0,1.0,2.0,2.0,1.0,1.0,1.0,0.0,1.0,0,1087778.0
41068,2.0,1.0,2.0,2.0,0.0,2.0,0.0,0.0,2.0,2.0,2.0,2.0,1.0,1.0,2.0,1.0,1.0,2.0,2.0,2.0,1.0,1.0,0.0,1.0,0,1245896.0
25703,2.0,2.0,1.0,2.0,0.0,2.0,0.0,0.0,2.0,2.0,2.0,2.0,4.0,1.0,1.0,2.0,2.0,2.0,1.0,1.0,1.0,1.0,0.0,1.0,0,750000.0
47290,2.0,1.0,2.0,2.0,0.0,2.0,0.0,0.0,2.0,2.0,2.0,2.0,4.0,1.0,2.0,2.0,2.0,2.0,1.0,1.0,1.0,1.0,0.0,2.0,1,652427.0
32032,1.0,2.0,2.0,2.0,0.0,2.0,0.0,0.0,2.0,2.0,2.0,2.0,4.0,1.0,2.0,1.0,2.0,2.0,2.0,1.0,1.0,1.0,0.0,2.0,0,858000.0
31948,2.0,1.0,2.0,1.0,0.0,2.0,0.0,0.0,2.0,2.0,2.0,2.0,4.0,1.0,1.0,2.0,2.0,2.0,2.0,1.0,1.0,1.0,0.0,1.0,1,417210.0
47307,2.0,1.0,2.0,2.0,0.0,2.0,0.0,0.0,2.0,2.0,2.0,2.0,4.0,1.0,2.0,1.0,2.0,2.0,1.0,3.0,1.0,1.0,0.0,1.0,0,332664.0
12402,2.0,1.0,1.0,2.0,0.0,2.0,0.0,0.0,2.0,2.0,2.0,2.0,4.0,1.0,1.0,2.0,2.0,2.0,2.0,2.0,1.0,1.0,0.0,2.0,0,262470.0
41064,2.0,1.0,1.0,1.0,0.0,2.0,0.0,0.0,2.0,2.0,2.0,2.0,1.0,1.0,1.0,2.0,2.0,2.0,2.0,2.0,1.0,1.0,0.0,2.0,0,868027.0
33462,2.0,1.0,1.0,1.0,0.0,2.0,0.0,0.0,2.0,1.0,2.0,2.0,4.0,1.0,1.0,2.0,2.0,1.0,2.0,2.0,1.0,1.0,2.0,1.0,0,352000.0
25691,2.0,1.0,2.0,2.0,1.0,2.0,0.0,0.0,2.0,2.0,2.0,2.0,1.0,1.0,1.0,2.0,2.0,2.0,2.0,2.0,1.0,1.0,2.0,2.0,0,175795.0
29536,2.0,2.0,2.0,2.0,0.0,2.0,0.0,0.0,2.0,2.0,2.0,2.0,4.0,1.0,2.0,2.0,1.0,2.0,2.0,2.0,1.0,1.0,0.0,1.0,0,344434.0
47341,2.0,1.0,2.0,2.0,0.0,2.0,0.0,0.0,2.0,2.0,2.0,2.0,4.0,1.0,2.0,1.0,2.0,1.0,1.0,1.0,1.0,1.0,0.0,2.0,0,709241.0
47309,2.0,1.0,2.0,2.0,0.0,2.0,0.0,0.0,2.0,2.0,2.0,2.0,4.0,1.0,2.0,1.0,2.0,1.0,1.0,1.0,1.0,1.0,0.0,2.0,0,770251.0
38549,2.0,2.0,2.0,2.0,0.0,2.0,1.0,0.0,2.0,2.0,2.0,2.0,4.0,2.0,2.0,2.0,2.0,2.0,2.0,2.0,1.0,1.0,0.0,1.0,0,501252.0
25944,2.0,2.0,2.0,2.0,0.0,2.0,0.0,0.0,2.0,2.0,2.0,2.0,4.0,2.0,2.0,2.0,2.0,2.0,2.0,2.0,1.0,1.0,0.0,2.0,1,117919.0
41007,2.0,1.0,1.0,1.0,0.0,2.0,0.0,0.0,1.0,2.0,2.0,2.0,1.0,1.0,1.0,2.0,1.0,2.0,2.0,2.0,1.0,1.0,0.0,1.0,1,1137168.0
29526,2.0,2.0,2.0,2.0,0.0,2.0,0.0,0.0,2.0,2.0,2.0,2.0,4.0,1.0,2.0,2.0,2.0,2.0,1.0,2.0,1.0,1.0,0.0,1.0,0,683534.0
24742,2.0,2.0,2.0,2.0,0.0,2.0,0.0,0.0,2.0,2.0,2.0,2.0,4.0,1.0,1.0,2.0,2.0,2.0,2.0,1.0,1.0,1.0,0.0,2.0,0,526000.0
31980,2.0,1.0,1.0,1.0,0.0,2.0,0.0,0.0,2.0,2.0,2.0,2.0,4.0,1.0,2.0,1.0,2.0,2.0,2.0,1.0,0.0,1.0,0.0,2.0,0,349500.0
31974,2.0,1.0,2.0,1.0,0.0,2.0,0.0,0.0,2.0,2.0,2.0,2.0,1.0,1.0,1.0,2.0,2.0,2.0,2.0,2.0,1.0,1.0,0.0,2.0,0,638034.0
12422,2.0,1.0,1.0,2.0,0.0,2.0,1.0,0.0,2.0,2.0,2.0,2.0,4.0,1.0,2.0,1.0,2.0,2.0,2.0,2.0,1.0,1.0,0.0,2.0,0,195000.0
12388,2.0,1.0,2.0,2.0,0.0,2.0,0.0,0.0,2.0,2.0,2.0,2.0,4.0,1.0,2.0,1.0,2.0,2.0,2.0,2.0,1.0,1.0,0.0,1.0,1,1786420.0
51983,2.0,1.0,2.0,2.0,0.0,2.0,0.0,0.0,2.0,2.0,2.0,2.0,4.0,1.0,1.0,2.0,2.0,2.0,2.0,2.0,1.0,1.0,0.0,2.0,0,218178.0
41116,2.0,1.0,2.0,2.0,0.0,2.0,0.0,0.0,1.0,2.0,2.0,2.0,4.0,1.0,1.0,2.0,1.0,2.0,2.0,1.0,1.0,1.0,0.0,2.0,0,1170738.0
35640,2.0,1.0,1.0,1.0,1.0,2.0,0.0,0.0,2.0,2.0,2.0,2.0,4.0,1.0,1.0,1.0,1.0,1.0,1.0,1.0,1.0,1.0,1.0,1.0,1,982719.0
47214,2.0,1.0,2.0,2.0,0.0,2.0,0.0,0.0,2.0,2.0,2.0,2.0,4.0,2.0,2.0,2.0,2.0,2.0,2.0,1.0,1.0,1.0,2.0,2.0,0,82666.0
47299,2.0,1.0,2.0,2.0,0.0,2.0,0.0,0.0,2.0,2.0,2.0,2.0,4.0,1.0,2.0,2.0,2.0,2.0,1.0,1.0,1.0,1.0,0.0,2.0,0,847565.0
47348,2.0,1.0,2.0,2.0,0.0,2.0,0.0,0.0,2.0,2.0,2.0,2.0,4.0,1.0,2.0,2.0,2.0,1.0,1.0,1.0,1.0,1.0,0.0,2.0,0,254764.0
38550,2.0,2.0,2.0,1.0,0.0,2.0,0.0,0.0,2.0,2.0,2.0,2.0,4.0,1.0,2.0,1.0,2.0,2.0,2.0,1.0,1.0,1.0,0.0,1.0,0,611359.0
35407,2.0,1.0,1.0,1.0,1.0,2.0,0.0,0.0,2.0,2.0,2.0,2.0,4.0,1.0,2.0,1.0,2.0,2.0,2.0,1.0,1.0,1.0,1.0,2.0,1,1530486.0
41079,2.0,1.0,2.0,2.0,0.0,2.0,0.0,0.0,1.0,2.0,2.0,2.0,4.0,1.0,1.0,2.0,1.0,2.0,2.0,1.0,1.0,1.0,0.0,2.0,0,1177042.0
12720,2.0,1.0,1.0,1.0,0.0,2.0,0.0,0.0,2.0,2.0,2.0,2.0,4.0,1.0,2.0,1.0,2.0,2.0,2.0,1.0,1.0,1.0,0.0,2.0,0,604579.0
40998,2.0,1.0,2.0,1.0,0.0,2.0,0.0,0.0,2.0,2.0,2.0,2.0,1.0,1.0,2.0,1.0,2.0,2.0,2.0,1.0,1.0,1.0,0.0,1.0,1,1427824.0
47319,2.0,1.0,2.0,2.0,0.0,2.0,0.0,0.0,2.0,2.0,2.0,2.0,4.0,1.0,2.0,2.0,2.0,2.0,1.0,1.0,1.0,1.0,0.0,2.0,0,1000000.0
33434,2.0,1.0,1.0,1.0,0.0,2.0,0.0,0.0,2.0,2.0,2.0,2.0,4.0,1.0,1.0,2.0,2.0,1.0,2.0,3.0,1.0,1.0,0.0,1.0,0,814000.0
31943,2.0,1.0,1.0,1.0,0.0,2.0,0.0,0.0,2.0,2.0,2.0,2.0,4.0,1.0,2.0,1.0,2.0,2.0,2.0,1.0,1.0,2.0,0.0,2.0,0,750000.0
845,2.0,1.0,2.0,2.0,0.0,2.0,0.0,0.0,1.0,2.0,2.0,2.0,4.0,1.0,1.0,2.0,1.0,2.0,1.0,1.0,1.0,1.0,0.0,2.0,0,553852.0
848,2.0,1.0,2.0,2.0,0.0,2.0,0.0,0.0,1.0,2.0,2.0,2.0,4.0,1.0,2.0,1.0,1.0,2.0,1.0,1.0,1.0,1.0,0.0,2.0,0,200000.0
25942,2.0,2.0,2.0,2.0,0.0,2.0,0.0,0.0,2.0,2.0,2.0,2.0,4.0,2.0,2.0,2.0,2.0,2.0,2.0,3.0,1.0,1.0,0.0,2.0,0,81559.0
12318,2.0,1.0,2.0,2.0,0.0,2.0,0.0,0.0,2.0,2.0,2.0,1.0,4.0,1.0,1.0,2.0,2.0,2.0,2.0,2.0,0.0,1.0,0.0,2.0,0,743554.0
47305,2.0,1.0,2.0,2.0,0.0,2.0,0.0,0.0,2.0,2.0,2.0,2.0,4.0,2.0,2.0,2.0,2.0,2.0,2.0,1.0,1.0,1.0,0.0,2.0,1,72319.0
21751,2.0,1.0,2.0,1.0,0.0,2.0,0.0,0.0,1.0,2.0,2.0,2.0,1.0,1.0,1.0,2.0,1.0,2.0,2.0,2.0,1.0,1.0,0.0,2.0,0,727729.0
25674,2.0,1.0,2.0,1.0,0.0,2.0,0.0,0.0,2.0,2.0,2.0,2.0,4.0,1.0,1.0,2.0,1.0,2.0,2.0,2.0,1.0,1.0,2.0,2.0,0,119676.0
39269,1.0,1.0,1.0,1.0,0.0,2.0,0.0,0.0,1.0,1.0,2.0,2.0,4.0,1.0,1.0,2.0,1.0,1.0,1.0,1.0,1.0,1.0,0.0,2.0,0,618559.0
41021,2.0,1.0,2.0,2.0,0.0,2.0,0.0,0.0,2.0,2.0,2.0,2.0,4.0,1.0,1.0,2.0,2.0,2.0,2.0,1.0,1.0,1.0,0.0,2.0,1,1050669.0
41050,2.0,1.0,2.0,1.0,0.0,2.0,0.0,0.0,2.0,2.0,2.0,2.0,4.0,1.0,1.0,2.0,2.0,2.0,2.0,1.0,1.0,1.0,0.0,1.0,1,1138219.0
29522,2.0,2.0,2.0,2.0,0.0,2.0,0.0,0.0,2.0,2.0,2.0,2.0,4.0,1.0,1.0,2.0,2.0,2.0,2.0,2.0,1.0,1.0,0.0,2.0,1,1121060.0
12704,2.0,1.0,1.0,1.0,0.0,1.0,0.0,0.0,2.0,2.0,2.0,2.0,1.0,1.0,1.0,2.0,2.0,2.0,2.0,2.0,1.0,1.0,0.0,2.0,0,234409.0
31997,1.0,1.0,2.0,1.0,0.0,2.0,0.0,0.0,2.0,2.0,2.0,2.0,4.0,1.0,2.0,1.0,2.0,2.0,2.0,1.0,1.0,1.0,1.0,2.0,0,930678.0
24764,2.0,2.0,2.0,2.0,0.0,2.0,0.0,0.0,2.0,2.0,2.0,2.0,4.0,1.0,2.0,1.0,2.0,2.0,1.0,1.0,1.0,1.0,0.0,2.0,1,250000.0
24741,2.0,2.0,2.0,2.0,0.0,2.0,0.0,0.0,2.0,2.0,2.0,2.0,4.0,1.0,2.0,1.0,2.0,2.0,1.0,1.0,1.0,1.0,0.0,2.0,0,603000.0
25989,2.0,2.0,2.0,2.0,0.0,2.0,0.0,0.0,2.0,2.0,2.0,2.0,4.0,1.0,2.0,1.0,2.0,2.0,2.0,1.0,1.0,1.0,0.0,1.0,1,245183.0
41057,2.0,1.0,1.0,2.0,0.0,2.0,0.0,0.0,1.0,2.0,2.0,2.0,1.0,1.0,2.0,1.0,2.0,1.0,2.0,1.0,1.0,1.0,0.0,2.0,0,1160444.0
25685,2.0,1.0,2.0,1.0,0.0,2.0,0.0,0.0,2.0,2.0,2.0,2.0,4.0,1.0,1.0,2.0,1.0,2.0,2.0,2.0,1.0,1.0,2.0,2.0,0,110997.0
42334,2.0,1.0,2.0,1.0,0.0,1.0,0.0,0.0,2.0,2.0,2.0,2.0,1.0,1.0,1.0,2.0,2.0,2.0,2.0,2.0,1.0,1.0,0.0,1.0,0,570630.0
25972,2.0,1.0,2.0,2.0,0.0,2.0,0.0,0.0,2.0,2.0,2.0,2.0,4.0,1.0,2.0,2.0,2.0,2.0,1.0,1.0,1.0,1.0,0.0,1.0,1,614401.0
24756,2.0,2.0,2.0,2.0,0.0,2.0,0.0,0.0,2.0,2.0,2.0,2.0,4.0,1.0,1.0,2.0,2.0,2.0,1.0,1.0,1.0,1.0,2.0,2.0,0,258000.0
47320,2.0,1.0,2.0,2.0,0.0,2.0,0.0,0.0,2.0,2.0,2.0,2.0,4.0,1.0,2.0,1.0,2.0,1.0,1.0,1.0,1.0,1.0,0.0,2.0,1,279987.0
12684,2.0,1.0,1.0,1.0,0.0,1.0,0.0,0.0,2.0,2.0,2.0,2.0,1.0,1.0,1.0,2.0,2.0,2.0,2.0,2.0,1.0,1.0,0.0,2.0,0,274150.0
12384,2.0,1.0,2.0,2.0,0.0,2.0,0.0,0.0,2.0,2.0,2.0,2.0,4.0,1.0,1.0,2.0,2.0,2.0,2.0,1.0,1.0,1.0,0.0,2.0,1,1114612.0
12729,2.0,1.0,1.0,1.0,0.0,2.0,1.0,0.0,1.0,2.0,2.0,2.0,1.0,1.0,1.0,2.0,2.0,2.0,2.0,2.0,1.0,1.0,0.0,2.0,0,178969.0
33397,2.0,1.0,1.0,1.0,1.0,2.0,0.0,0.0,2.0,2.0,2.0,2.0,5.0,1.0,2.0,2.0,2.0,1.0,2.0,1.0,1.0,1.0,1.0,1.0,0,571402.0
12698,2.0,1.0,1.0,1.0,0.0,1.0,0.0,0.0,2.0,2.0,2.0,2.0,1.0,1.0,1.0,2.0,2.0,2.0,2.0,2.0,1.0,1.0,2.0,2.0,0,211178.0
47285,2.0,1.0,2.0,2.0,0.0,2.0,0.0,0.0,2.0,2.0,2.0,2.0,4.0,1.0,2.0,2.0,2.0,1.0,1.0,1.0,1.0,1.0,0.0,2.0,0,236228.0
41074,2.0,1.0,2.0,2.0,0.0,2.0,0.0,0.0,1.0,2.0,2.0,2.0,4.0,1.0,2.0,1.0,2.0,2.0,2.0,1.0,1.0,1.0,0.0,2.0,1,1609327.0
47226,2.0,1.0,2.0,2.0,0.0,2.0,0.0,0.0,2.0,2.0,2.0,2.0,4.0,2.0,2.0,2.0,2.0,2.0,2.0,1.0,1.0,1.0,0.0,1.0,1,938220.0
25926,2.0,2.0,2.0,2.0,0.0,2.0,0.0,0.0,2.0,2.0,2.0,2.0,4.0,2.0,2.0,2.0,2.0,2.0,2.0,1.0,1.0,2.0,0.0,2.0,0,305928.0
41000,2.0,1.0,1.0,2.0,0.0,2.0,0.0,0.0,2.0,2.0,2.0,2.0,1.0,1.0,1.0,2.0,1.0,2.0,2.0,1.0,1.0,1.0,0.0,2.0,0,922744.0
42333,2.0,1.0,2.0,1.0,0.0,2.0,0.0,0.0,2.0,2.0,2.0,2.0,4.0,1.0,1.0,2.0,2.0,2.0,2.0,1.0,1.0,1.0,0.0,2.0,0,816518.0
24726,2.0,2.0,2.0,2.0,0.0,2.0,0.0,0.0,2.0,2.0,2.0,2.0,4.0,1.0,2.0,1.0,2.0,2.0,1.0,1.0,1.0,1.0,0.0,2.0,0,506000.0
32026,1.0,2.0,2.0,2.0,0.0,2.0,0.0,0.0,2.0,2.0,2.0,2.0,4.0,1.0,2.0,1.0,2.0,2.0,2.0,1.0,1.0,1.0,0.0,2.0,0,729500.0
31976,2.0,1.0,1.0,1.0,0.0,2.0,0.0,0.0,2.0,2.0,2.0,2.0,4.0,1.0,1.0,2.0,2.0,2.0,2.0,1.0,1.0,1.0,2.0,2.0,0,525240.0
47317,2.0,1.0,2.0,2.0,0.0,2.0,0.0,0.0,2.0,2.0,2.0,2.0,4.0,1.0,2.0,2.0,2.0,2.0,1.0,1.0,1.0,1.0,0.0,1.0,0,999389.0
12424,2.0,2.0,1.0,2.0,0.0,2.0,0.0,0.0,2.0,2.0,2.0,2.0,4.0,1.0,2.0,1.0,2.0,2.0,2.0,2.0,1.0,1.0,0.0,1.0,0,693901.0
41019,2.0,1.0,1.0,2.0,0.0,2.0,0.0,0.0,2.0,2.0,2.0,2.0,4.0,1.0,1.0,2.0,2.0,1.0,2.0,2.0,1.0,1.0,0.0,2.0,0,523243.0
38552,2.0,2.0,2.0,2.0,0.0,2.0,0.0,0.0,2.0,2.0,2.0,2.0,4.0,2.0,2.0,2.0,2.0,2.0,2.0,2.0,1.0,1.0,0.0,2.0,0,412737.0
47262,1.0,1.0,2.0,2.0,0.0,2.0,0.0,0.0,2.0,2.0,2.0,2.0,4.0,1.0,2.0,2.0,2.0,2.0,1.0,2.0,1.0,1.0,0.0,1.0,0,565689.0
21752,2.0,2.0,1.0,1.0,0.0,2.0,0.0,0.0,2.0,2.0,2.0,2.0,1.0,1.0,2.0,1.0,2.0,2.0,2.0,2.0,1.0,1.0,0.0,2.0,0,1022998.0
24760,2.0,2.0,2.0,2.0,0.0,2.0,0.0,0.0,2.0,2.0,2.0,2.0,4.0,1.0,2.0,1.0,2.0,2.0,2.0,1.0,1.0,1.0,0.0,2.0,0,481000.0
39272,1.0,1.0,2.0,1.0,1.0,1.0,0.0,0.0,2.0,1.0,2.0,2.0,1.0,1.0,2.0,1.0,1.0,2.0,2.0,1.0,1.0,1.0,0.0,1.0,1,811362.0
21737,2.0,1.0,2.0,2.0,0.0,2.0,0.0,0.0,1.0,2.0,2.0,2.0,4.0,1.0,1.0,1.0,1.0,1.0,2.0,3.0,1.0,1.0,0.0,2.0,1,1185765.0
25687,2.0,1.0,2.0,2.0,0.0,2.0,0.0,0.0,2.0,2.0,2.0,2.0,4.0,1.0,1.0,2.0,2.0,2.0,1.0,2.0,1.0,1.0,0.0,2.0,0,750000.0
31956,1.0,1.0,2.0,2.0,0.0,2.0,0.0,0.0,2.0,2.0,2.0,2.0,4.0,1.0,2.0,1.0,2.0,2.0,2.0,1.0,1.0,1.0,0.0,1.0,0,785719.0
25673,2.0,1.0,2.0,1.0,0.0,2.0,0.0,0.0,2.0,2.0,2.0,2.0,4.0,1.0,1.0,2.0,1.0,2.0,2.0,2.0,1.0,1.0,2.0,2.0,0,111554.0
47244,2.0,1.0,2.0,2.0,0.0,2.0,0.0,0.0,2.0,2.0,2.0,2.0,4.0,1.0,2.0,2.0,2.0,2.0,1.0,2.0,1.0,1.0,0.0,2.0,0,233303.0
29533,2.0,2.0,2.0,2.0,0.0,2.0,0.0,0.0,2.0,2.0,2.0,2.0,4.0,2.0,2.0,2.0,2.0,2.0,2.0,1.0,1.0,1.0,0.0,1.0,0,517875.0
12734,2.0,1.0,1.0,1.0,0.0,2.0,0.0,1.0,2.0,2.0,2.0,2.0,4.0,1.0,1.0,2.0,2.0,2.0,2.0,1.0,1.0,1.0,0.0,2.0,0,543539.0
25688,2.0,1.0,2.0,2.0,0.0,2.0,1.0,0.0,2.0,2.0,2.0,2.0,1.0,1.0,1.0,2.0,2.0,2.0,1.0,2.0,1.0,1.0,0.0,2.0,0,333800.0
25934,2.0,2.0,2.0,2.0,0.0,2.0,0.0,0.0,2.0,2.0,2.0,2.0,4.0,2.0,2.0,2.0,2.0,2.0,2.0,2.0,1.0,1.0,0.0,1.0,0,578083.0
12725,2.0,1.0,1.0,1.0,0.0,2.0,0.0,0.0,2.0,2.0,2.0,2.0,4.0,1.0,1.0,2.0,2.0,2.0,2.0,1.0,1.0,1.0,0.0,1.0,0,653981.0
47287,2.0,1.0,2.0,2.0,0.0,2.0,0.0,0.0,2.0,2.0,2.0,2.0,4.0,1.0,2.0,1.0,2.0,2.0,1.0,1.0,1.0,1.0,0.0,2.0,0,653961.0
41052,2.0,1.0,1.0,2.0,0.0,2.0,0.0,0.0,2.0,2.0,2.0,2.0,4.0,1.0,1.0,2.0,1.0,2.0,2.0,1.0,1.0,1.0,0.0,1.0,0,755115.0
25680,2.0,1.0,2.0,2.0,0.0,2.0,0.0,0.0,2.0,2.0,2.0,2.0,4.0,1.0,1.0,2.0,1.0,2.0,2.0,2.0,1.0,1.0,2.0,1.0,0,105962.0
22460,2.0,1.0,2.0,2.0,1.0,2.0,0.0,0.0,1.0,2.0,2.0,2.0,4.0,1.0,1.0,1.0,1.0,2.0,2.0,1.0,1.0,1.0,0.0,2.0,1,211418.0
47292,2.0,1.0,2.0,2.0,0.0,2.0,0.0,0.0,2.0,2.0,2.0,2.0,4.0,1.0,2.0,1.0,2.0,2.0,1.0,1.0,1.0,1.0,0.0,1.0,0,1000000.0
41054,1.0,1.0,2.0,1.0,1.0,2.0,0.0,0.0,2.0,2.0,2.0,2.0,4.0,1.0,1.0,2.0,2.0,2.0,2.0,1.0,1.0,1.0,0.0,1.0,1,85870.0
21733,2.0,2.0,2.0,2.0,0.0,2.0,1.0,0.0,2.0,2.0,2.0,2.0,1.0,1.0,2.0,1.0,2.0,2.0,2.0,2.0,1.0,1.0,0.0,2.0,0,97672.0
31952,2.0,1.0,1.0,1.0,0.0,2.0,0.0,0.0,2.0,2.0,2.0,2.0,4.0,1.0,2.0,1.0,2.0,2.0,2.0,1.0,1.0,1.0,0.0,2.0,1,1000000.0
12356,2.0,1.0,1.0,2.0,0.0,2.0,0.0,0.0,2.0,2.0,2.0,2.0,4.0,1.0,2.0,2.0,2.0,1.0,1.0,1.0,1.0,1.0,0.0,1.0,0,580804.0
847,2.0,1.0,2.0,2.0,0.0,2.0,0.0,0.0,1.0,2.0,2.0,2.0,4.0,1.0,2.0,1.0,1.0,2.0,1.0,1.0,1.0,1.0,0.0,2.0,0,399999.0
21734,2.0,2.0,2.0,2.0,0.0,2.0,0.0,0.0,2.0,2.0,2.0,2.0,1.0,1.0,1.0,2.0,2.0,2.0,2.0,2.0,1.0,1.0,0.0,1.0,0,827702.0
41066,2.0,1.0,1.0,1.0,0.0,2.0,0.0,0.0,1.0,2.0,2.0,2.0,4.0,1.0,1.0,2.0,2.0,2.0,2.0,1.0,1.0,1.0,0.0,1.0,0,826410.0
29540,2.0,2.0,2.0,2.0,0.0,2.0,0.0,0.0,2.0,2.0,2.0,2.0,4.0,1.0,2.0,2.0,1.0,2.0,2.0,1.0,1.0,1.0,0.0,2.0,0,269915.0
21748,2.0,1.0,2.0,1.0,0.0,2.0,0.0,0.0,2.0,2.0,2.0,2.0,4.0,1.0,2.0,1.0,2.0,2.0,2.0,2.0,1.0,1.0,0.0,1.0,0,719059.0
47342,2.0,1.0,2.0,2.0,0.0,2.0,0.0,0.0,2.0,2.0,2.0,2.0,4.0,1.0,2.0,2.0,2.0,1.0,1.0,1.0,1.0,1.0,0.0,1.0,0,879088.0
41006,2.0,1.0,1.0,2.0,0.0,2.0,0.0,0.0,1.0,2.0,2.0,2.0,4.0,1.0,2.0,1.0,1.0,2.0,2.0,1.0,1.0,1.0,0.0,2.0,0,659588.0
31953,2.0,2.0,2.0,1.0,0.0,2.0,1.0,0.0,2.0,2.0,2.0,2.0,4.0,1.0,1.0,2.0,2.0,2.0,2.0,2.0,1.0,1.0,0.0,2.0,0,340213.0
12687,2.0,1.0,2.0,2.0,0.0,2.0,0.0,0.0,2.0,2.0,2.0,2.0,4.0,1.0,2.0,1.0,2.0,2.0,2.0,1.0,1.0,1.0,0.0,2.0,1,400063.0
32024,2.0,2.0,2.0,2.0,0.0,2.0,1.0,0.0,2.0,2.0,2.0,2.0,4.0,2.0,2.0,2.0,2.0,2.0,2.0,2.0,1.0,1.0,0.0,2.0,0,383000.0
12430,2.0,1.0,2.0,2.0,0.0,2.0,0.0,0.0,2.0,2.0,2.0,2.0,4.0,1.0,1.0,2.0,2.0,2.0,2.0,2.0,1.0,1.0,0.0,1.0,0,604500.0
21718,2.0,1.0,2.0,2.0,0.0,2.0,0.0,0.0,1.0,2.0,2.0,2.0,4.0,1.0,1.0,1.0,1.0,1.0,2.0,3.0,1.0,1.0,0.0,1.0,0,1222133.0
12682,2.0,1.0,1.0,1.0,0.0,2.0,0.0,0.0,2.0,2.0,2.0,2.0,4.0,1.0,1.0,2.0,2.0,2.0,2.0,2.0,1.0,1.0,0.0,2.0,0,341635.0
21766,2.0,1.0,2.0,2.0,0.0,2.0,0.0,0.0,1.0,2.0,2.0,2.0,1.0,2.0,2.0,2.0,2.0,2.0,2.0,2.0,1.0,1.0,0.0,1.0,1,542000.0
41048,2.0,1.0,2.0,1.0,0.0,2.0,0.0,0.0,2.0,2.0,2.0,2.0,4.0,1.0,1.0,2.0,2.0,2.0,2.0,1.0,1.0,1.0,0.0,2.0,1,1203007.0
12663,2.0,1.0,1.0,2.0,0.0,2.0,0.0,0.0,2.0,2.0,2.0,2.0,4.0,1.0,2.0,1.0,2.0,2.0,2.0,1.0,1.0,2.0,0.0,2.0,0,304307.0
12396,2.0,1.0,2.0,2.0,0.0,2.0,0.0,0.0,2.0,2.0,2.0,2.0,4.0,1.0,2.0,2.0,2.0,2.0,1.0,1.0,1.0,1.0,0.0,2.0,1,486469.0
39276,1.0,1.0,1.0,2.0,1.0,2.0,0.0,0.0,1.0,2.0,2.0,2.0,4.0,1.0,1.0,2.0,2.0,2.0,2.0,1.0,1.0,1.0,0.0,1.0,0,874719.0
31998,2.0,1.0,2.0,1.0,0.0,2.0,0.0,0.0,2.0,2.0,2.0,2.0,4.0,1.0,2.0,1.0,2.0,2.0,2.0,1.0,1.0,1.0,0.0,2.0,1,876368.0
25970,2.0,2.0,2.0,2.0,0.0,2.0,0.0,0.0,2.0,2.0,2.0,2.0,4.0,2.0,2.0,2.0,2.0,2.0,2.0,1.0,1.0,1.0,2.0,2.0,0,118913.0
35242,2.0,1.0,2.0,1.0,1.0,2.0,0.0,0.0,1.0,2.0,2.0,2.0,4.0,1.0,1.0,2.0,2.0,2.0,2.0,2.0,1.0,1.0,1.0,1.0,0,672379.0
41033,2.0,1.0,1.0,1.0,0.0,2.0,0.0,0.0,1.0,2.0,2.0,2.0,1.0,1.0,1.0,2.0,1.0,2.0,2.0,1.0,1.0,1.0,0.0,1.0,1,336995.0
12731,2.0,1.0,1.0,1.0,0.0,2.0,1.0,0.0,1.0,2.0,2.0,1.0,1.0,1.0,1.0,2.0,2.0,2.0,2.0,2.0,1.0,1.0,0.0,2.0,0,246777.0
31984,2.0,1.0,2.0,1.0,0.0,2.0,0.0,0.0,2.0,2.0,2.0,2.0,4.0,1.0,2.0,1.0,2.0,2.0,2.0,1.0,1.0,1.0,1.0,1.0,0,350000.0
29519,2.0,2.0,2.0,2.0,0.0,2.0,0.0,0.0,2.0,2.0,2.0,2.0,4.0,1.0,2.0,1.0,2.0,2.0,2.0,1.0,1.0,1.0,0.0,2.0,0,266018.0
12726,2.0,1.0,1.0,1.0,0.0,2.0,1.0,0.0,1.0,2.0,2.0,2.0,1.0,1.0,1.0,2.0,2.0,2.0,2.0,2.0,1.0,1.0,0.0,2.0,0,185653.0
41073,2.0,1.0,1.0,1.0,0.0,2.0,0.0,0.0,2.0,2.0,2.0,2.0,4.0,1.0,1.0,2.0,2.0,1.0,2.0,1.0,1.0,1.0,0.0,1.0,0,1197437.0
21747,2.0,1.0,2.0,1.0,0.0,2.0,0.0,0.0,2.0,2.0,2.0,2.0,1.0,2.0,2.0,2.0,2.0,2.0,2.0,2.0,1.0,1.0,0.0,2.0,1,294678.0
29026,2.0,1.0,2.0,2.0,0.0,2.0,0.0,0.0,2.0,2.0,2.0,2.0,4.0,1.0,1.0,2.0,1.0,1.0,2.0,1.0,1.0,1.0,0.0,1.0,0,500637.0
12382,2.0,1.0,2.0,2.0,0.0,2.0,0.0,0.0,2.0,2.0,2.0,2.0,4.0,1.0,1.0,2.0,2.0,2.0,2.0,1.0,1.0,1.0,0.0,1.0,1,1113846.0
31950,2.0,1.0,1.0,2.0,0.0,2.0,0.0,0.0,2.0,2.0,2.0,2.0,1.0,1.0,2.0,1.0,2.0,2.0,2.0,2.0,1.0,1.0,0.0,2.0,0,496213.0
25939,2.0,2.0,2.0,2.0,0.0,2.0,0.0,0.0,2.0,2.0,2.0,2.0,4.0,1.0,2.0,1.0,2.0,2.0,2.0,2.0,1.0,1.0,0.0,2.0,0,183000.0
21729,2.0,2.0,2.0,2.0,1.0,2.0,0.0,0.0,2.0,2.0,2.0,2.0,1.0,1.0,2.0,1.0,2.0,2.0,2.0,2.0,1.0,1.0,0.0,2.0,0,476170.0
47278,2.0,1.0,2.0,2.0,0.0,2.0,0.0,0.0,2.0,2.0,2.0,2.0,4.0,1.0,2.0,1.0,2.0,2.0,1.0,1.0,1.0,1.0,0.0,2.0,1,147361.0
21689,2.0,2.0,2.0,2.0,1.0,2.0,0.0,0.0,2.0,2.0,2.0,2.0,4.0,1.0,1.0,1.0,2.0,2.0,2.0,2.0,1.0,1.0,0.0,2.0,0,458870.0
41092,2.0,1.0,1.0,1.0,0.0,2.0,0.0,0.0,2.0,1.0,2.0,2.0,4.0,1.0,2.0,1.0,2.0,2.0,2.0,2.0,1.0,1.0,0.0,1.0,0,359479.0
29518,2.0,2.0,2.0,2.0,0.0,2.0,1.0,0.0,2.0,2.0,2.0,2.0,4.0,2.0,2.0,2.0,2.0,2.0,2.0,1.0,1.0,1.0,0.0,2.0,0,153861.0
21727,2.0,2.0,2.0,2.0,1.0,2.0,0.0,0.0,2.0,2.0,2.0,2.0,1.0,1.0,1.0,1.0,2.0,2.0,2.0,2.0,1.0,1.0,0.0,1.0,0,731895.0
46705,2.0,1.0,2.0,2.0,0.0,2.0,0.0,0.0,1.0,2.0,2.0,2.0,4.0,1.0,2.0,2.0,2.0,2.0,1.0,1.0,1.0,1.0,0.0,1.0,1,92579.0
12668,2.0,1.0,1.0,2.0,0.0,1.0,0.0,0.0,2.0,2.0,2.0,2.0,1.0,1.0,1.0,2.0,2.0,2.0,2.0,2.0,1.0,1.0,0.0,2.0,0,119961.0
12700,2.0,1.0,2.0,1.0,0.0,2.0,0.0,0.0,1.0,1.0,2.0,2.0,4.0,1.0,1.0,2.0,2.0,2.0,2.0,1.0,1.0,1.0,0.0,2.0,0,642561.0
41029,2.0,1.0,2.0,2.0,0.0,2.0,0.0,0.0,2.0,2.0,2.0,2.0,4.0,1.0,2.0,1.0,2.0,2.0,2.0,1.0,1.0,1.0,0.0,2.0,1,1448898.0
43592,2.0,1.0,2.0,2.0,1.0,2.0,0.0,0.0,2.0,2.0,2.0,2.0,4.0,1.0,1.0,2.0,2.0,2.0,2.0,2.0,1.0,1.0,0.0,2.0,0,506321.0
5822,2.0,1.0,1.0,2.0,1.0,1.0,0.0,0.0,2.0,2.0,2.0,2.0,1.0,1.0,2.0,2.0,2.0,2.0,1.0,2.0,1.0,1.0,0.0,2.0,0,154459.0
12721,2.0,1.0,1.0,1.0,0.0,1.0,0.0,0.0,1.0,2.0,2.0,2.0,1.0,1.0,1.0,2.0,2.0,2.0,2.0,2.0,1.0,1.0,0.0,2.0,0,321627.0
29530,2.0,2.0,2.0,2.0,0.0,2.0,0.0,0.0,2.0,2.0,2.0,2.0,4.0,2.0,2.0,2.0,2.0,2.0,2.0,1.0,1.0,1.0,0.0,2.0,1,151479.0
41484,1.0,2.0,2.0,1.0,0.0,2.0,0.0,0.0,2.0,2.0,2.0,2.0,4.0,1.0,2.0,1.0,2.0,2.0,1.0,1.0,1.0,1.0,0.0,2.0,0,1101290.0
24716,2.0,2.0,2.0,2.0,0.0,2.0,0.0,0.0,2.0,2.0,2.0,2.0,4.0,2.0,2.0,2.0,2.0,2.0,2.0,1.0,1.0,1.0,0.0,2.0,0,570000.0
12719,2.0,1.0,2.0,1.0,0.0,2.0,1.0,0.0,2.0,2.0,2.0,2.0,1.0,1.0,1.0,2.0,2.0,2.0,2.0,1.0,1.0,1.0,0.0,2.0,0,720870.0
31966,2.0,1.0,2.0,1.0,0.0,2.0,0.0,0.0,2.0,2.0,2.0,2.0,4.0,1.0,2.0,1.0,2.0,2.0,2.0,1.0,1.0,1.0,1.0,2.0,1,995400.0
12718,2.0,1.0,1.0,1.0,0.0,2.0,0.0,0.0,1.0,2.0,2.0,2.0,4.0,1.0,2.0,1.0,2.0,2.0,2.0,1.0,1.0,1.0,0.0,1.0,0,653113.0
31940,1.0,1.0,1.0,2.0,0.0,2.0,0.0,0.0,2.0,2.0,2.0,2.0,4.0,1.0,2.0,1.0,2.0,2.0,2.0,1.0,1.0,1.0,0.0,2.0,0,634051.0
12674,2.0,1.0,1.0,1.0,0.0,1.0,0.0,0.0,2.0,2.0,2.0,2.0,1.0,1.0,1.0,2.0,2.0,2.0,2.0,2.0,1.0,1.0,2.0,2.0,0,176920.0
25992,2.0,2.0,2.0,2.0,0.0,2.0,0.0,0.0,2.0,2.0,2.0,2.0,4.0,1.0,1.0,2.0,2.0,2.0,2.0,1.0,1.0,1.0,0.0,2.0,0,658750.0
41012,2.0,1.0,1.0,1.0,0.0,2.0,0.0,0.0,1.0,2.0,2.0,2.0,4.0,1.0,1.0,2.0,2.0,2.0,2.0,1.0,1.0,1.0,0.0,1.0,1,1104755.0
12662,2.0,1.0,2.0,1.0,0.0,2.0,0.0,1.0,2.0,2.0,2.0,2.0,4.0,1.0,1.0,2.0,2.0,2.0,2.0,1.0,1.0,2.0,2.0,2.0,0,541993.0
47334,2.0,1.0,2.0,2.0,0.0,2.0,0.0,0.0,2.0,2.0,2.0,2.0,4.0,1.0,2.0,2.0,2.0,1.0,1.0,1.0,1.0,1.0,0.0,1.0,0,901360.0
25958,2.0,2.0,2.0,2.0,0.0,2.0,0.0,0.0,2.0,2.0,2.0,2.0,4.0,2.0,2.0,2.0,2.0,2.0,2.0,2.0,1.0,1.0,0.0,2.0,0,484828.0
21728,2.0,1.0,2.0,2.0,0.0,2.0,0.0,0.0,2.0,2.0,2.0,2.0,4.0,1.0,1.0,1.0,1.0,1.0,2.0,1.0,1.0,2.0,2.0,2.0,0,945666.0
42280,2.0,1.0,1.0,1.0,0.0,2.0,0.0,0.0,2.0,2.0,2.0,2.0,4.0,1.0,2.0,1.0,2.0,2.0,2.0,1.0,1.0,1.0,0.0,2.0,0,799935.0
29024,2.0,1.0,2.0,2.0,0.0,2.0,1.0,0.0,2.0,2.0,2.0,2.0,4.0,1.0,1.0,1.0,2.0,2.0,2.0,2.0,1.0,1.0,0.0,2.0,0,526623.0
41049,2.0,1.0,1.0,1.0,0.0,2.0,0.0,0.0,2.0,2.0,2.0,2.0,4.0,1.0,1.0,2.0,2.0,1.0,1.0,1.0,1.0,1.0,0.0,1.0,0,551376.0
47251,2.0,2.0,2.0,2.0,0.0,2.0,0.0,0.0,2.0,2.0,2.0,2.0,4.0,1.0,2.0,2.0,2.0,2.0,1.0,1.0,1.0,1.0,0.0,2.0,1,850579.0
12414,2.0,1.0,1.0,2.0,0.0,2.0,1.0,0.0,2.0,2.0,2.0,2.0,4.0,1.0,1.0,2.0,1.0,2.0,2.0,2.0,1.0,1.0,0.0,2.0,0,190393.0
47254,2.0,1.0,2.0,2.0,0.0,2.0,0.0,0.0,2.0,2.0,2.0,2.0,4.0,1.0,2.0,1.0,2.0,2.0,1.0,1.0,1.0,1.0,0.0,2.0,1,153589.0
42175,2.0,1.0,2.0,2.0,0.0,1.0,0.0,0.0,1.0,2.0,2.0,2.0,1.0,1.0,1.0,2.0,2.0,2.0,2.0,2.0,1.0,1.0,0.0,2.0,0,334221.0
38561,2.0,2.0,2.0,2.0,0.0,2.0,0.0,0.0,2.0,2.0,2.0,2.0,4.0,1.0,2.0,1.0,2.0,2.0,2.0,1.0,1.0,1.0,0.0,1.0,0,637910.0
833,2.0,1.0,2.0,2.0,0.0,2.0,0.0,0.0,2.0,2.0,2.0,2.0,4.0,1.0,1.0,2.0,1.0,2.0,2.0,1.0,1.0,1.0,0.0,2.0,0,846300.0
47347,2.0,1.0,2.0,2.0,0.0,2.0,0.0,0.0,2.0,2.0,2.0,2.0,4.0,1.0,2.0,1.0,2.0,2.0,1.0,2.0,1.0,1.0,0.0,2.0,0,170736.0
41017,2.0,1.0,1.0,2.0,0.0,2.0,1.0,0.0,2.0,2.0,2.0,2.0,1.0,1.0,2.0,1.0,1.0,2.0,2.0,2.0,1.0,1.0,0.0,2.0,0,280849.0
31990,2.0,1.0,2.0,1.0,0.0,2.0,0.0,0.0,1.0,2.0,2.0,2.0,4.0,1.0,2.0,1.0,2.0,2.0,2.0,1.0,1.0,1.0,0.0,2.0,0,379882.0
21732,2.0,2.0,2.0,2.0,1.0,2.0,0.0,0.0,1.0,2.0,2.0,2.0,4.0,1.0,1.0,1.0,1.0,1.0,2.0,2.0,1.0,1.0,0.0,2.0,0,437353.0
40999,2.0,1.0,1.0,1.0,0.0,2.0,0.0,0.0,1.0,2.0,2.0,2.0,1.0,1.0,1.0,2.0,1.0,2.0,2.0,1.0,1.0,1.0,0.0,1.0,0,681781.0
41025,2.0,1.0,2.0,2.0,0.0,2.0,1.0,0.0,2.0,2.0,2.0,2.0,4.0,1.0,1.0,2.0,2.0,2.0,2.0,2.0,1.0,1.0,0.0,1.0,0,647622.0
21746,2.0,1.0,2.0,1.0,0.0,2.0,0.0,0.0,2.0,2.0,1.0,2.0,1.0,2.0,2.0,2.0,2.0,2.0,2.0,1.0,1.0,1.0,0.0,1.0,1,590181.0
31991,1.0,1.0,2.0,1.0,0.0,2.0,0.0,0.0,1.0,2.0,2.0,2.0,4.0,1.0,2.0,1.0,2.0,2.0,2.0,1.0,1.0,1.0,1.0,2.0,0,1011760.0
12708,2.0,1.0,2.0,1.0,0.0,2.0,0.0,0.0,1.0,2.0,2.0,2.0,4.0,1.0,2.0,1.0,2.0,2.0,2.0,1.0,1.0,1.0,2.0,2.0,0,592992.0
31935,2.0,2.0,2.0,1.0,0.0,2.0,0.0,0.0,2.0,2.0,2.0,2.0,4.0,1.0,1.0,2.0,2.0,2.0,2.0,1.0,1.0,1.0,0.0,1.0,1,813227.0
43622,2.0,1.0,2.0,2.0,0.0,2.0,0.0,0.0,2.0,2.0,2.0,2.0,1.0,1.0,1.0,2.0,1.0,2.0,2.0,1.0,1.0,1.0,0.0,1.0,0,441639.0
42213,2.0,1.0,2.0,2.0,0.0,2.0,1.0,0.0,1.0,2.0,2.0,2.0,4.0,1.0,2.0,1.0,2.0,2.0,2.0,2.0,1.0,1.0,0.0,1.0,1,66508.0
38554,2.0,2.0,2.0,2.0,0.0,2.0,0.0,0.0,2.0,2.0,2.0,2.0,4.0,1.0,2.0,2.0,1.0,2.0,2.0,1.0,1.0,1.0,0.0,1.0,0,583857.0
47306,2.0,1.0,2.0,2.0,0.0,2.0,0.0,0.0,2.0,2.0,2.0,2.0,4.0,2.0,2.0,2.0,2.0,2.0,2.0,1.0,1.0,1.0,0.0,1.0,1,66758.0
24720,2.0,2.0,2.0,2.0,0.0,2.0,0.0,0.0,2.0,2.0,2.0,2.0,4.0,2.0,2.0,2.0,2.0,2.0,2.0,1.0,1.0,1.0,0.0,2.0,0,570000.0
47327,2.0,2.0,2.0,2.0,1.0,2.0,0.0,0.0,2.0,2.0,2.0,2.0,4.0,1.0,2.0,2.0,2.0,2.0,1.0,1.0,1.0,1.0,0.0,1.0,1,1285094.0
31999,1.0,1.0,2.0,1.0,0.0,2.0,0.0,0.0,2.0,2.0,2.0,2.0,4.0,1.0,1.0,2.0,2.0,2.0,1.0,1.0,1.0,1.0,0.0,2.0,0,711000.0
5914,2.0,1.0,1.0,1.0,0.0,1.0,0.0,0.0,2.0,2.0,2.0,2.0,1.0,1.0,2.0,2.0,2.0,2.0,1.0,1.0,1.0,1.0,1.0,2.0,1,343845.0
47280,2.0,1.0,2.0,2.0,0.0,2.0,0.0,0.0,2.0,2.0,2.0,2.0,4.0,1.0,2.0,2.0,2.0,2.0,1.0,1.0,0.0,1.0,0.0,1.0,1,293460.0
840,2.0,1.0,2.0,2.0,0.0,2.0,0.0,0.0,1.0,2.0,2.0,2.0,4.0,1.0,2.0,1.0,1.0,2.0,1.0,1.0,1.0,1.0,0.0,2.0,0,444822.0
29027,2.0,1.0,2.0,1.0,0.0,2.0,0.0,0.0,2.0,2.0,2.0,2.0,4.0,1.0,2.0,1.0,1.0,2.0,2.0,1.0,1.0,1.0,2.0,2.0,0,646712.0
41089,2.0,1.0,1.0,2.0,0.0,2.0,0.0,0.0,2.0,2.0,2.0,2.0,4.0,1.0,2.0,1.0,2.0,2.0,2.0,1.0,1.0,1.0,0.0,2.0,0,611879.0
41040,2.0,1.0,2.0,1.0,1.0,2.0,0.0,0.0,2.0,2.0,2.0,2.0,4.0,1.0,2.0,1.0,1.0,2.0,2.0,2.0,1.0,1.0,0.0,1.0,1,1436253.0
12685,2.0,1.0,1.0,2.0,0.0,2.0,0.0,0.0,2.0,2.0,2.0,2.0,4.0,1.0,1.0,2.0,2.0,2.0,2.0,1.0,1.0,1.0,0.0,2.0,0,676122.0
25695,2.0,1.0,2.0,2.0,0.0,2.0,0.0,0.0,2.0,2.0,2.0,2.0,1.0,1.0,1.0,2.0,1.0,2.0,2.0,2.0,1.0,1.0,0.0,1.0,0,750000.0
31937,2.0,2.0,1.0,1.0,0.0,2.0,0.0,0.0,1.0,2.0,2.0,2.0,4.0,1.0,1.0,2.0,2.0,2.0,2.0,1.0,1.0,1.0,2.0,2.0,0,496077.0
41039,2.0,1.0,2.0,1.0,0.0,2.0,0.0,0.0,2.0,1.0,2.0,2.0,4.0,1.0,2.0,1.0,2.0,2.0,2.0,1.0,1.0,1.0,0.0,2.0,1,1149226.0
41044,2.0,1.0,1.0,2.0,0.0,2.0,0.0,0.0,2.0,2.0,2.0,2.0,4.0,1.0,2.0,1.0,2.0,2.0,2.0,1.0,1.0,1.0,0.0,2.0,0,395861.0
21658,2.0,1.0,2.0,1.0,0.0,2.0,0.0,0.0,2.0,2.0,1.0,2.0,1.0,2.0,2.0,2.0,2.0,2.0,2.0,1.0,1.0,1.0,0.0,1.0,0,1020703.0
38555,2.0,2.0,2.0,1.0,0.0,2.0,0.0,0.0,2.0,2.0,2.0,2.0,4.0,1.0,1.0,2.0,2.0,2.0,2.0,1.0,1.0,1.0,0.0,1.0,1,116786.0
5791,2.0,1.0,1.0,1.0,1.0,1.0,0.0,0.0,2.0,2.0,2.0,2.0,1.0,1.0,2.0,2.0,2.0,2.0,1.0,2.0,1.0,1.0,1.0,1.0,0,414292.0
41037,2.0,1.0,2.0,2.0,1.0,2.0,0.0,0.0,2.0,2.0,2.0,2.0,4.0,1.0,1.0,2.0,2.0,2.0,2.0,2.0,1.0,1.0,0.0,2.0,0,318188.0
41056,2.0,1.0,2.0,2.0,1.0,2.0,0.0,0.0,2.0,2.0,2.0,2.0,4.0,1.0,2.0,1.0,2.0,2.0,2.0,1.0,1.0,1.0,0.0,2.0,0,306741.0
12669,2.0,1.0,2.0,2.0,0.0,2.0,0.0,0.0,2.0,2.0,2.0,1.0,4.0,1.0,2.0,1.0,2.0,2.0,2.0,1.0,0.0,1.0,0.0,2.0,1,446706.0
35172,2.0,2.0,1.0,1.0,1.0,2.0,0.0,0.0,2.0,2.0,2.0,2.0,1.0,2.0,2.0,1.0,2.0,2.0,2.0,2.0,1.0,1.0,1.0,2.0,0,452893.0
42222,2.0,1.0,2.0,1.0,0.0,1.0,0.0,0.0,2.0,2.0,2.0,2.0,1.0,1.0,2.0,1.0,2.0,2.0,2.0,2.0,1.0,1.0,0.0,1.0,0,609597.0
25931,2.0,1.0,2.0,2.0,0.0,2.0,0.0,0.0,2.0,2.0,2.0,2.0,4.0,1.0,2.0,1.0,2.0,2.0,2.0,3.0,1.0,1.0,2.0,2.0,0,226860.0
31971,2.0,1.0,2.0,1.0,0.0,2.0,0.0,0.0,2.0,2.0,2.0,2.0,4.0,1.0,1.0,2.0,2.0,2.0,2.0,1.0,0.0,1.0,1.0,2.0,1,1699193.0
12730,2.0,1.0,1.0,1.0,0.0,2.0,1.0,0.0,2.0,2.0,2.0,2.0,1.0,1.0,1.0,2.0,2.0,2.0,2.0,2.0,1.0,1.0,0.0,2.0,0,329576.0
41081,2.0,1.0,1.0,1.0,0.0,2.0,0.0,0.0,1.0,2.0,2.0,2.0,4.0,1.0,2.0,1.0,2.0,2.0,2.0,1.0,1.0,1.0,0.0,2.0,0,599807.0
25977,2.0,2.0,2.0,2.0,0.0,2.0,0.0,0.0,2.0,2.0,2.0,2.0,4.0,2.0,2.0,2.0,2.0,2.0,2.0,1.0,1.0,1.0,0.0,2.0,1,200000.0
41018,2.0,1.0,1.0,1.0,0.0,2.0,0.0,0.0,1.0,2.0,2.0,2.0,4.0,1.0,1.0,2.0,1.0,1.0,2.0,1.0,1.0,1.0,0.0,1.0,0,1101207.0
41085,2.0,1.0,1.0,2.0,0.0,2.0,0.0,0.0,1.0,2.0,2.0,2.0,4.0,1.0,2.0,1.0,2.0,2.0,2.0,2.0,1.0,1.0,0.0,2.0,0,718782.0
12699,2.0,1.0,2.0,1.0,0.0,2.0,0.0,0.0,1.0,1.0,2.0,2.0,3.0,1.0,2.0,1.0,2.0,2.0,2.0,1.0,1.0,1.0,0.0,2.0,0,544391.0
12432,2.0,1.0,2.0,2.0,0.0,2.0,0.0,0.0,2.0,2.0,2.0,2.0,4.0,1.0,1.0,2.0,2.0,2.0,2.0,1.0,1.0,1.0,0.0,1.0,0,756168.0
41063,2.0,1.0,2.0,2.0,0.0,2.0,1.0,0.0,2.0,2.0,2.0,2.0,4.0,1.0,1.0,2.0,2.0,2.0,2.0,1.0,1.0,1.0,0.0,2.0,0,1017660.0
31949,2.0,2.0,2.0,1.0,0.0,2.0,1.0,0.0,2.0,2.0,2.0,2.0,4.0,1.0,1.0,2.0,2.0,2.0,2.0,2.0,1.0,1.0,0.0,2.0,0,363873.0
31955,2.0,1.0,2.0,2.0,0.0,2.0,0.0,0.0,2.0,2.0,2.0,2.0,4.0,1.0,2.0,1.0,2.0,2.0,2.0,1.0,1.0,2.0,0.0,2.0,1,949626.0
32017,1.0,2.0,2.0,1.0,0.0,2.0,0.0,0.0,2.0,2.0,2.0,2.0,4.0,2.0,2.0,2.0,2.0,2.0,2.0,1.0,1.0,1.0,0.0,2.0,0,570062.0
39270,1.0,1.0,2.0,1.0,1.0,1.0,0.0,0.0,2.0,1.0,2.0,2.0,1.0,1.0,2.0,1.0,1.0,2.0,2.0,1.0,1.0,1.0,0.0,1.0,1,253158.0
32004,2.0,2.0,2.0,2.0,0.0,2.0,1.0,0.0,1.0,2.0,2.0,2.0,4.0,1.0,1.0,2.0,2.0,2.0,2.0,2.0,1.0,1.0,0.0,2.0,0,611001.0
47267,2.0,1.0,2.0,2.0,0.0,2.0,0.0,0.0,2.0,2.0,2.0,2.0,4.0,1.0,2.0,1.0,2.0,2.0,1.0,2.0,1.0,1.0,0.0,2.0,0,165648.0
21745,2.0,2.0,2.0,1.0,0.0,1.0,0.0,0.0,2.0,2.0,2.0,2.0,1.0,1.0,1.0,1.0,2.0,2.0,2.0,2.0,1.0,1.0,0.0,2.0,0,447625.0
12688,2.0,1.0,2.0,1.0,0.0,2.0,0.0,0.0,2.0,2.0,2.0,2.0,4.0,1.0,2.0,1.0,2.0,2.0,2.0,1.0,1.0,1.0,0.0,2.0,0,570904.0
47318,2.0,1.0,2.0,2.0,0.0,2.0,0.0,0.0,2.0,2.0,2.0,2.0,4.0,1.0,2.0,1.0,2.0,1.0,1.0,1.0,1.0,1.0,0.0,2.0,1,376486.0
41114,2.0,1.0,1.0,2.0,0.0,2.0,0.0,0.0,1.0,2.0,2.0,2.0,4.0,1.0,1.0,2.0,2.0,1.0,2.0,1.0,1.0,1.0,0.0,2.0,0,1106648.0
47220,2.0,1.0,2.0,2.0,0.0,2.0,0.0,0.0,2.0,2.0,2.0,2.0,4.0,1.0,2.0,1.0,2.0,2.0,1.0,2.0,1.0,1.0,0.0,1.0,0,312401.0
12406,2.0,1.0,2.0,2.0,0.0,2.0,0.0,0.0,2.0,2.0,2.0,2.0,4.0,1.0,2.0,1.0,2.0,2.0,2.0,2.0,1.0,1.0,0.0,1.0,1,735482.0
47308,2.0,1.0,2.0,2.0,0.0,2.0,0.0,0.0,2.0,2.0,2.0,2.0,4.0,1.0,2.0,1.0,2.0,2.0,1.0,1.0,1.0,1.0,0.0,2.0,0,460225.0
47253,2.0,1.0,2.0,2.0,0.0,2.0,0.0,0.0,2.0,2.0,2.0,2.0,4.0,1.0,2.0,1.0,2.0,2.0,1.0,1.0,1.0,1.0,0.0,2.0,0,337726.0
12415,2.0,1.0,1.0,2.0,0.0,2.0,1.0,0.0,2.0,2.0,2.0,2.0,4.0,1.0,1.0,2.0,2.0,2.0,2.0,2.0,1.0,1.0,0.0,2.0,0,182346.0
21717,2.0,1.0,2.0,2.0,0.0,2.0,0.0,0.0,2.0,2.0,2.0,2.0,1.0,1.0,1.0,1.0,1.0,1.0,2.0,2.0,1.0,1.0,2.0,2.0,0,568205.0
41070,2.0,1.0,1.0,1.0,0.0,2.0,0.0,0.0,1.0,2.0,2.0,2.0,4.0,1.0,1.0,2.0,1.0,2.0,2.0,2.0,1.0,1.0,0.0,1.0,0,316073.0
12707,2.0,1.0,1.0,1.0,0.0,1.0,0.0,0.0,2.0,2.0,2.0,2.0,1.0,1.0,2.0,1.0,2.0,2.0,2.0,2.0,1.0,1.0,2.0,2.0,0,280414.0
38560,2.0,2.0,2.0,2.0,0.0,2.0,1.0,0.0,2.0,2.0,2.0,2.0,4.0,2.0,2.0,2.0,2.0,2.0,2.0,2.0,1.0,1.0,0.0,2.0,0,201058.0
41014,2.0,1.0,2.0,1.0,0.0,2.0,0.0,0.0,2.0,2.0,2.0,2.0,4.0,1.0,2.0,1.0,2.0,2.0,2.0,2.0,1.0,1.0,0.0,1.0,0,877391.0
25957,2.0,1.0,2.0,2.0,0.0,2.0,0.0,0.0,2.0,2.0,2.0,2.0,4.0,2.0,2.0,2.0,2.0,2.0,2.0,1.0,0.0,1.0,0.0,1.0,1,1431487.0
12714,2.0,1.0,1.0,1.0,0.0,2.0,0.0,0.0,1.0,2.0,2.0,2.0,4.0,1.0,2.0,1.0,2.0,2.0,2.0,1.0,1.0,1.0,0.0,2.0,0,489270.0
29028,2.0,1.0,2.0,2.0,0.0,2.0,0.0,0.0,2.0,2.0,2.0,2.0,4.0,1.0,2.0,1.0,1.0,2.0,2.0,1.0,1.0,1.0,0.0,2.0,0,440435.0
29520,2.0,2.0,2.0,2.0,0.0,2.0,0.0,0.0,2.0,2.0,2.0,2.0,4.0,1.0,2.0,2.0,1.0,2.0,2.0,1.0,1.0,1.0,0.0,2.0,0,120925.0
43690,2.0,1.0,1.0,2.0,0.0,2.0,0.0,0.0,2.0,2.0,2.0,2.0,3.0,1.0,1.0,2.0,1.0,2.0,2.0,1.0,1.0,1.0,0.0,2.0,0,600000.0
24722,2.0,2.0,2.0,2.0,0.0,2.0,0.0,0.0,2.0,2.0,2.0,2.0,4.0,1.0,2.0,1.0,2.0,2.0,1.0,1.0,1.0,1.0,0.0,2.0,0,686000.0
24749,2.0,2.0,2.0,2.0,0.0,2.0,0.0,0.0,2.0,2.0,2.0,2.0,4.0,1.0,1.0,2.0,2.0,2.0,1.0,1.0,1.0,1.0,0.0,2.0,0,328000.0
29531,2.0,2.0,2.0,2.0,0.0,2.0,0.0,0.0,2.0,2.0,2.0,2.0,4.0,1.0,2.0,1.0,2.0,2.0,2.0,1.0,1.0,1.0,0.0,2.0,1,161711.0
25696,2.0,1.0,2.0,2.0,0.0,2.0,0.0,0.0,2.0,2.0,2.0,2.0,1.0,1.0,1.0,2.0,2.0,2.0,2.0,2.0,1.0,1.0,2.0,1.0,0,727631.0
12686,2.0,1.0,2.0,1.0,0.0,2.0,0.0,0.0,2.0,2.0,2.0,2.0,4.0,1.0,1.0,2.0,2.0,2.0,2.0,1.0,1.0,1.0,0.0,2.0,0,575172.0
47329,2.0,1.0,2.0,2.0,0.0,2.0,0.0,0.0,2.0,2.0,2.0,2.0,4.0,2.0,2.0,2.0,2.0,2.0,2.0,1.0,1.0,1.0,0.0,1.0,1,115461.0
12363,2.0,1.0,2.0,2.0,0.0,2.0,0.0,0.0,2.0,2.0,2.0,2.0,4.0,1.0,1.0,2.0,2.0,2.0,2.0,1.0,1.0,1.0,0.0,2.0,1,1228534.0
41001,2.0,1.0,1.0,1.0,0.0,2.0,0.0,0.0,1.0,1.0,2.0,2.0,4.0,1.0,2.0,1.0,2.0,2.0,2.0,1.0,1.0,1.0,0.0,2.0,0,572218.0
38556,2.0,2.0,2.0,2.0,0.0,2.0,1.0,0.0,2.0,2.0,2.0,2.0,4.0,1.0,2.0,2.0,1.0,2.0,2.0,1.0,1.0,1.0,0.0,1.0,0,106449.0
47289,2.0,1.0,2.0,2.0,0.0,2.0,0.0,0.0,2.0,2.0,2.0,2.0,4.0,1.0,2.0,1.0,2.0,2.0,1.0,1.0,1.0,1.0,0.0,2.0,1,929726.0
42317,2.0,1.0,2.0,1.0,0.0,2.0,0.0,0.0,1.0,2.0,2.0,2.0,4.0,1.0,1.0,2.0,2.0,2.0,2.0,1.0,1.0,1.0,0.0,2.0,0,850000.0
21730,2.0,2.0,2.0,2.0,1.0,2.0,0.0,0.0,1.0,2.0,2.0,2.0,1.0,1.0,2.0,1.0,2.0,2.0,2.0,2.0,1.0,1.0,0.0,2.0,0,428392.0
29537,2.0,2.0,2.0,2.0,0.0,2.0,0.0,0.0,2.0,2.0,2.0,2.0,4.0,1.0,2.0,2.0,2.0,2.0,1.0,1.0,1.0,1.0,0.0,1.0,0,441210.0
39264,1.0,1.0,1.0,1.0,0.0,2.0,0.0,0.0,1.0,2.0,2.0,2.0,2.0,1.0,2.0,1.0,2.0,2.0,2.0,2.0,1.0,1.0,0.0,2.0,0,750000.0
41046,2.0,1.0,2.0,1.0,0.0,2.0,0.0,0.0,1.0,2.0,2.0,2.0,4.0,1.0,2.0,1.0,2.0,2.0,2.0,1.0,1.0,1.0,0.0,1.0,0,1118096.0
12416,2.0,1.0,2.0,2.0,0.0,2.0,0.0,0.0,2.0,2.0,2.0,2.0,4.0,1.0,1.0,2.0,2.0,2.0,2.0,1.0,1.0,1.0,0.0,1.0,1,353987.0
47346,2.0,1.0,2.0,2.0,0.0,2.0,0.0,0.0,2.0,2.0,2.0,2.0,4.0,1.0,2.0,1.0,2.0,1.0,1.0,1.0,1.0,1.0,0.0,1.0,0,996402.0
31954,2.0,2.0,2.0,1.0,0.0,2.0,1.0,0.0,2.0,2.0,2.0,2.0,1.0,1.0,1.0,2.0,2.0,2.0,2.0,2.0,1.0,1.0,2.0,2.0,0,232282.0
5271,2.0,1.0,1.0,1.0,0.0,1.0,0.0,0.0,2.0,2.0,2.0,2.0,1.0,1.0,2.0,2.0,2.0,2.0,1.0,1.0,1.0,1.0,0.0,1.0,0,347497.0
47331,2.0,1.0,2.0,2.0,0.0,2.0,0.0,0.0,2.0,2.0,2.0,2.0,4.0,1.0,2.0,2.0,2.0,1.0,1.0,2.0,1.0,1.0,0.0,1.0,0,154470.0
21731,2.0,2.0,2.0,2.0,0.0,2.0,1.0,0.0,2.0,2.0,2.0,2.0,1.0,1.0,1.0,2.0,2.0,2.0,2.0,2.0,1.0,1.0,0.0,2.0,0,450745.0
41078,2.0,1.0,1.0,2.0,0.0,2.0,0.0,0.0,2.0,1.0,2.0,2.0,4.0,1.0,2.0,1.0,2.0,2.0,2.0,2.0,1.0,1.0,0.0,2.0,0,259980.0
41035,2.0,1.0,2.0,2.0,1.0,2.0,1.0,0.0,2.0,2.0,2.0,2.0,4.0,1.0,1.0,2.0,2.0,2.0,2.0,2.0,1.0,1.0,0.0,2.0,0,560686.0
12705,2.0,1.0,1.0,1.0,0.0,1.0,0.0,0.0,1.0,1.0,2.0,2.0,1.0,1.0,2.0,1.0,2.0,2.0,2.0,2.0,1.0,1.0,0.0,2.0,0,299017.0
41034,2.0,1.0,2.0,1.0,0.0,2.0,0.0,0.0,2.0,2.0,2.0,2.0,4.0,1.0,1.0,2.0,2.0,2.0,2.0,1.0,1.0,1.0,0.0,1.0,1,1169171.0
38545,2.0,2.0,2.0,2.0,0.0,2.0,0.0,0.0,2.0,2.0,2.0,2.0,4.0,1.0,1.0,2.0,2.0,2.0,2.0,2.0,1.0,1.0,0.0,2.0,1,200000.0
47294,2.0,1.0,2.0,2.0,0.0,2.0,0.0,0.0,2.0,2.0,2.0,2.0,4.0,1.0,2.0,2.0,2.0,2.0,1.0,1.0,1.0,1.0,0.0,2.0,0,898421.0
32025,1.0,2.0,2.0,2.0,0.0,2.0,0.0,0.0,2.0,2.0,2.0,2.0,4.0,2.0,2.0,2.0,2.0,2.0,2.0,1.0,1.0,1.0,0.0,2.0,0,470000.0
47293,2.0,1.0,2.0,2.0,0.0,2.0,0.0,0.0,2.0,2.0,2.0,2.0,4.0,1.0,2.0,1.0,2.0,2.0,1.0,1.0,1.0,1.0,0.0,2.0,1,263616.0
21695,2.0,2.0,1.0,1.0,0.0,2.0,0.0,0.0,2.0,2.0,2.0,2.0,4.0,2.0,2.0,2.0,2.0,2.0,2.0,1.0,1.0,1.0,0.0,1.0,1,1401789.0
31982,2.0,1.0,1.0,1.0,0.0,2.0,0.0,0.0,2.0,2.0,2.0,2.0,4.0,1.0,2.0,1.0,2.0,2.0,2.0,1.0,1.0,1.0,1.0,2.0,1,1500000.0
32031,2.0,2.0,2.0,1.0,0.0,2.0,0.0,0.0,2.0,2.0,2.0,2.0,4.0,2.0,2.0,2.0,2.0,2.0,2.0,2.0,1.0,1.0,0.0,1.0,0,692789.0
31942,2.0,1.0,1.0,2.0,0.0,2.0,0.0,0.0,1.0,2.0,2.0,2.0,4.0,1.0,1.0,2.0,2.0,2.0,2.0,1.0,1.0,1.0,2.0,2.0,0,483000.0
12426,2.0,1.0,2.0,2.0,0.0,2.0,0.0,0.0,2.0,2.0,2.0,2.0,4.0,1.0,2.0,1.0,2.0,2.0,2.0,2.0,1.0,1.0,0.0,1.0,1,722866.0
29535,2.0,2.0,2.0,2.0,0.0,2.0,0.0,0.0,2.0,2.0,2.0,2.0,4.0,1.0,2.0,1.0,2.0,2.0,2.0,1.0,1.0,1.0,0.0,2.0,0,494237.0
25676,2.0,1.0,2.0,2.0,0.0,2.0,1.0,0.0,2.0,2.0,2.0,2.0,1.0,1.0,1.0,2.0,1.0,2.0,2.0,2.0,1.0,1.0,0.0,1.0,0,184552.0
41005,2.0,1.0,2.0,1.0,0.0,2.0,0.0,0.0,2.0,2.0,2.0,2.0,4.0,1.0,1.0,2.0,2.0,2.0,2.0,1.0,1.0,1.0,0.0,1.0,0,944622.0
35113,2.0,1.0,1.0,1.0,1.0,2.0,0.0,0.0,2.0,2.0,2.0,2.0,4.0,1.0,1.0,2.0,2.0,2.0,2.0,1.0,1.0,1.0,1.0,1.0,0,588358.0
31996,1.0,1.0,2.0,1.0,0.0,2.0,0.0,0.0,2.0,2.0,2.0,2.0,4.0,1.0,2.0,1.0,2.0,2.0,2.0,1.0,1.0,1.0,0.0,2.0,0,582654.0
47250,2.0,1.0,2.0,2.0,0.0,2.0,0.0,0.0,2.0,2.0,2.0,2.0,4.0,1.0,2.0,2.0,2.0,2.0,1.0,2.0,1.0,1.0,0.0,2.0,0,123087.0
38553,2.0,2.0,2.0,2.0,0.0,2.0,1.0,0.0,2.0,2.0,2.0,2.0,4.0,1.0,2.0,2.0,1.0,2.0,2.0,2.0,1.0,1.0,0.0,1.0,0,371539.0
25963,2.0,2.0,2.0,2.0,0.0,2.0,0.0,0.0,2.0,2.0,2.0,1.0,4.0,2.0,2.0,2.0,2.0,2.0,2.0,1.0,1.0,1.0,2.0,2.0,0,497000.0
35595,2.0,1.0,2.0,1.0,1.0,2.0,0.0,0.0,1.0,2.0,2.0,2.0,2.0,1.0,1.0,2.0,2.0,2.0,2.0,2.0,1.0,1.0,1.0,1.0,0,601967.0
41042,2.0,1.0,2.0,1.0,0.0,2.0,0.0,0.0,1.0,2.0,2.0,2.0,1.0,1.0,1.0,2.0,2.0,2.0,2.0,2.0,1.0,1.0,0.0,2.0,0,606421.0
35298,2.0,1.0,2.0,1.0,1.0,2.0,0.0,0.0,2.0,2.0,2.0,2.0,4.0,1.0,1.0,2.0,2.0,2.0,2.0,1.0,1.0,1.0,1.0,2.0,0,494284.0
47323,2.0,1.0,2.0,2.0,0.0,2.0,0.0,0.0,2.0,2.0,2.0,2.0,4.0,1.0,2.0,2.0,2.0,2.0,1.0,1.0,1.0,1.0,0.0,2.0,0,1000000.0
41002,2.0,1.0,1.0,1.0,0.0,2.0,0.0,0.0,2.0,2.0,2.0,2.0,4.0,1.0,1.0,2.0,1.0,2.0,2.0,2.0,1.0,1.0,0.0,1.0,0,753279.0
21741,2.0,2.0,2.0,2.0,1.0,2.0,0.0,0.0,2.0,2.0,2.0,2.0,4.0,2.0,2.0,2.0,2.0,2.0,2.0,2.0,1.0,1.0,0.0,1.0,0,432119.0
41032,2.0,1.0,2.0,2.0,0.0,2.0,0.0,0.0,2.0,2.0,2.0,2.0,1.0,1.0,1.0,2.0,2.0,2.0,2.0,1.0,1.0,1.0,0.0,2.0,0,721917.0
41077,2.0,1.0,2.0,2.0,0.0,2.0,0.0,0.0,2.0,2.0,2.0,2.0,4.0,1.0,1.0,2.0,2.0,2.0,2.0,1.0,1.0,1.0,0.0,2.0,1,1163012.0
25684,2.0,2.0,2.0,2.0,0.0,2.0,0.0,0.0,2.0,2.0,2.0,2.0,1.0,1.0,1.0,2.0,2.0,2.0,2.0,2.0,1.0,1.0,2.0,1.0,0,259782.0
41016,2.0,1.0,1.0,1.0,0.0,2.0,0.0,0.0,2.0,2.0,2.0,2.0,4.0,1.0,2.0,1.0,2.0,2.0,2.0,1.0,1.0,1.0,0.0,2.0,1,1016346.0
47275,2.0,1.0,2.0,2.0,0.0,2.0,0.0,0.0,2.0,2.0,2.0,2.0,4.0,1.0,2.0,2.0,2.0,2.0,1.0,1.0,0.0,1.0,0.0,2.0,0,578473.0
25672,2.0,1.0,2.0,2.0,0.0,2.0,0.0,0.0,2.0,2.0,2.0,2.0,4.0,1.0,1.0,2.0,2.0,2.0,2.0,2.0,1.0,1.0,0.0,1.0,0,506900.0
25994,2.0,2.0,2.0,2.0,0.0,2.0,0.0,0.0,2.0,2.0,2.0,2.0,4.0,1.0,1.0,2.0,2.0,2.0,2.0,1.0,1.0,1.0,0.0,1.0,0,396939.0
47344,2.0,1.0,2.0,2.0,0.0,2.0,0.0,0.0,2.0,2.0,2.0,2.0,4.0,1.0,2.0,2.0,2.0,1.0,1.0,1.0,1.0,1.0,0.0,1.0,0,1000000.0
41015,2.0,1.0,2.0,1.0,0.0,2.0,0.0,0.0,1.0,2.0,2.0,2.0,1.0,1.0,1.0,2.0,2.0,2.0,2.0,1.0,1.0,1.0,0.0,1.0,1,1452855.0
5805,2.0,1.0,2.0,2.0,0.0,1.0,0.0,0.0,1.0,2.0,2.0,2.0,1.0,1.0,2.0,2.0,2.0,2.0,1.0,3.0,1.0,1.0,1.0,2.0,1,1675096.0
41067,2.0,1.0,1.0,1.0,0.0,2.0,0.0,0.0,1.0,2.0,2.0,2.0,4.0,1.0,2.0,1.0,2.0,2.0,2.0,2.0,1.0,1.0,0.0,1.0,0,455581.0
31985,2.0,1.0,1.0,2.0,0.0,2.0,0.0,0.0,2.0,2.0,2.0,2.0,4.0,1.0,2.0,1.0,2.0,2.0,2.0,1.0,0.0,1.0,0.0,2.0,0,490000.0
12403,2.0,1.0,2.0,2.0,0.0,2.0,0.0,0.0,2.0,2.0,2.0,2.0,4.0,1.0,1.0,2.0,2.0,2.0,2.0,1.0,1.0,1.0,0.0,2.0,1,530376.0
32023,2.0,2.0,2.0,2.0,0.0,2.0,0.0,0.0,2.0,2.0,2.0,2.0,4.0,1.0,2.0,1.0,2.0,2.0,2.0,2.0,1.0,1.0,0.0,2.0,0,259041.0
21698,2.0,1.0,2.0,1.0,0.0,2.0,0.0,0.0,1.0,2.0,2.0,2.0,4.0,2.0,2.0,2.0,2.0,2.0,2.0,2.0,1.0,1.0,0.0,1.0,1,1409000.0
31962,2.0,1.0,2.0,1.0,0.0,2.0,0.0,0.0,2.0,2.0,2.0,2.0,4.0,1.0,1.0,2.0,2.0,2.0,2.0,1.0,1.0,1.0,0.0,1.0,0,1000000.0
25694,2.0,1.0,2.0,1.0,0.0,2.0,0.0,0.0,2.0,2.0,2.0,2.0,1.0,1.0,1.0,2.0,2.0,2.0,2.0,2.0,1.0,1.0,2.0,2.0,0,250000.0
42311,2.0,1.0,2.0,1.0,0.0,2.0,0.0,0.0,1.0,2.0,2.0,2.0,4.0,1.0,1.0,2.0,2.0,2.0,2.0,1.0,1.0,1.0,0.0,2.0,0,842156.0
12412,2.0,1.0,1.0,2.0,0.0,2.0,0.0,0.0,2.0,2.0,2.0,2.0,4.0,1.0,1.0,2.0,2.0,2.0,2.0,1.0,1.0,1.0,0.0,2.0,0,732119.0
41485,1.0,2.0,2.0,1.0,0.0,2.0,0.0,0.0,2.0,2.0,2.0,2.0,4.0,1.0,2.0,1.0,2.0,2.0,1.0,1.0,1.0,1.0,0.0,2.0,1,1396302.0
12712,2.0,1.0,1.0,1.0,0.0,1.0,0.0,1.0,2.0,2.0,2.0,2.0,1.0,1.0,1.0,2.0,2.0,2.0,2.0,2.0,1.0,1.0,0.0,2.0,0,341135.0
41022,2.0,1.0,2.0,1.0,1.0,2.0,0.0,0.0,2.0,2.0,2.0,2.0,4.0,1.0,1.0,2.0,1.0,2.0,2.0,2.0,1.0,1.0,0.0,1.0,0,690761.0
32021,2.0,2.0,2.0,2.0,0.0,2.0,0.0,0.0,1.0,2.0,2.0,2.0,4.0,2.0,2.0,2.0,2.0,2.0,2.0,1.0,1.0,1.0,0.0,2.0,0,597429.0
47288,2.0,1.0,2.0,2.0,0.0,2.0,0.0,0.0,2.0,2.0,2.0,2.0,4.0,1.0,2.0,2.0,2.0,1.0,1.0,2.0,1.0,1.0,0.0,2.0,0,363404.0
25969,2.0,2.0,2.0,2.0,0.0,2.0,0.0,0.0,2.0,2.0,2.0,2.0,4.0,2.0,2.0,2.0,2.0,2.0,2.0,2.0,1.0,1.0,0.0,2.0,0,162570.0
41020,2.0,1.0,2.0,2.0,0.0,2.0,0.0,0.0,2.0,2.0,2.0,2.0,4.0,1.0,1.0,2.0,2.0,2.0,2.0,1.0,1.0,1.0,0.0,2.0,0,613738.0
47333,2.0,1.0,2.0,2.0,0.0,2.0,0.0,0.0,2.0,2.0,2.0,2.0,4.0,1.0,2.0,2.0,2.0,1.0,1.0,2.0,1.0,1.0,0.0,1.0,0,423263.0
47326,2.0,1.0,2.0,2.0,0.0,2.0,0.0,0.0,2.0,2.0,2.0,2.0,4.0,1.0,2.0,2.0,2.0,2.0,1.0,1.0,1.0,1.0,0.0,2.0,0,1000000.0
21765,2.0,2.0,2.0,1.0,0.0,2.0,1.0,0.0,2.0,2.0,2.0,2.0,1.0,2.0,2.0,2.0,2.0,2.0,2.0,2.0,1.0,1.0,0.0,2.0,0,154538.0
41031,2.0,1.0,2.0,1.0,0.0,2.0,0.0,0.0,2.0,2.0,2.0,2.0,4.0,1.0,1.0,2.0,2.0,2.0,2.0,1.0,1.0,1.0,0.0,1.0,0,797450.0
47304,2.0,1.0,2.0,2.0,0.0,2.0,0.0,0.0,2.0,2.0,2.0,2.0,4.0,1.0,2.0,2.0,1.0,1.0,2.0,1.0,1.0,1.0,0.0,1.0,0,1000000.0
25982,2.0,2.0,2.0,2.0,0.0,2.0,0.0,0.0,2.0,2.0,2.0,2.0,4.0,2.0,2.0,2.0,2.0,2.0,2.0,2.0,1.0,1.0,0.0,2.0,0,480000.0
41487,2.0,2.0,2.0,1.0,0.0,2.0,0.0,0.0,2.0,2.0,2.0,2.0,4.0,1.0,2.0,1.0,2.0,2.0,1.0,1.0,1.0,1.0,2.0,1.0,0,865573.0
25671,2.0,2.0,2.0,1.0,0.0,2.0,0.0,0.0,2.0,2.0,2.0,2.0,1.0,1.0,1.0,2.0,2.0,2.0,2.0,1.0,1.0,1.0,2.0,1.0,0,750000.0
25930,2.0,2.0,2.0,2.0,0.0,2.0,0.0,0.0,2.0,2.0,2.0,2.0,4.0,1.0,2.0,1.0,2.0,2.0,2.0,2.0,1.0,1.0,0.0,2.0,0,206464.0
25678,2.0,2.0,2.0,2.0,0.0,2.0,0.0,0.0,2.0,2.0,2.0,2.0,1.0,1.0,1.0,2.0,1.0,2.0,1.0,1.0,1.0,1.0,0.0,2.0,0,595000.0
21694,2.0,2.0,1.0,1.0,0.0,2.0,0.0,0.0,1.0,2.0,2.0,2.0,1.0,1.0,2.0,2.0,2.0,2.0,1.0,2.0,1.0,1.0,0.0,1.0,0,1188556.0
12364,2.0,1.0,2.0,2.0,0.0,2.0,0.0,0.0,2.0,2.0,2.0,2.0,4.0,1.0,2.0,1.0,2.0,2.0,2.0,1.0,1.0,1.0,0.0,2.0,0,943785.0
43704,2.0,1.0,2.0,2.0,0.0,2.0,0.0,0.0,2.0,2.0,2.0,2.0,3.0,1.0,1.0,2.0,1.0,2.0,2.0,1.0,1.0,1.0,0.0,2.0,0,530664.0
41053,2.0,1.0,2.0,2.0,0.0,2.0,0.0,0.0,1.0,2.0,2.0,2.0,4.0,1.0,1.0,2.0,1.0,2.0,2.0,1.0,1.0,1.0,0.0,2.0,0,941382.0
43687,2.0,1.0,2.0,2.0,0.0,2.0,0.0,0.0,2.0,2.0,2.0,2.0,4.0,1.0,2.0,2.0,1.0,2.0,2.0,3.0,1.0,1.0,0.0,2.0,0,181022.0
12399,2.0,1.0,2.0,2.0,0.0,2.0,0.0,0.0,2.0,2.0,2.0,2.0,4.0,1.0,2.0,2.0,2.0,2.0,1.0,1.0,1.0,1.0,0.0,2.0,0,713216.0
25702,2.0,1.0,1.0,2.0,0.0,2.0,0.0,0.0,2.0,2.0,2.0,2.0,4.0,1.0,1.0,2.0,1.0,2.0,2.0,2.0,1.0,1.0,0.0,1.0,0,226290.0
38544,2.0,2.0,2.0,1.0,0.0,2.0,0.0,0.0,2.0,2.0,2.0,2.0,4.0,1.0,1.0,2.0,2.0,2.0,2.0,2.0,1.0,1.0,0.0,1.0,0,160987.0
47273,2.0,1.0,2.0,2.0,0.0,2.0,0.0,0.0,2.0,2.0,2.0,2.0,4.0,1.0,2.0,2.0,2.0,2.0,1.0,2.0,1.0,1.0,0.0,2.0,0,409747.0
12407,2.0,2.0,2.0,2.0,0.0,2.0,0.0,0.0,2.0,2.0,2.0,2.0,4.0,1.0,2.0,1.0,2.0,2.0,2.0,2.0,1.0,1.0,0.0,2.0,0,156153.0
47365,2.0,1.0,2.0,2.0,1.0,2.0,0.0,0.0,2.0,2.0,2.0,2.0,4.0,2.0,2.0,2.0,2.0,2.0,2.0,2.0,1.0,1.0,0.0,1.0,1,1606247.0
25928,2.0,2.0,2.0,2.0,0.0,2.0,0.0,0.0,2.0,2.0,2.0,2.0,4.0,2.0,2.0,2.0,2.0,2.0,2.0,1.0,1.0,1.0,0.0,1.0,0,492555.0
21740,2.0,1.0,2.0,2.0,0.0,2.0,0.0,0.0,2.0,2.0,2.0,2.0,4.0,1.0,2.0,1.0,2.0,2.0,2.0,2.0,1.0,1.0,0.0,2.0,1,1130081.0
21744,2.0,1.0,2.0,2.0,1.0,2.0,0.0,0.0,1.0,2.0,2.0,2.0,4.0,1.0,1.0,2.0,2.0,2.0,2.0,2.0,1.0,1.0,2.0,2.0,0,290635.0
24728,2.0,2.0,2.0,2.0,0.0,2.0,0.0,0.0,2.0,2.0,2.0,2.0,4.0,1.0,1.0,2.0,2.0,2.0,1.0,1.0,1.0,1.0,0.0,2.0,0,392000.0
12658,2.0,1.0,2.0,2.0,0.0,2.0,0.0,0.0,2.0,2.0,2.0,2.0,4.0,1.0,1.0,2.0,2.0,2.0,2.0,1.0,1.0,2.0,0.0,2.0,0,736384.0
12335,2.0,1.0,2.0,2.0,0.0,2.0,0.0,0.0,2.0,2.0,2.0,1.0,4.0,1.0,1.0,2.0,2.0,2.0,2.0,1.0,0.0,1.0,0.0,1.0,0,1310631.0
47345,2.0,1.0,2.0,2.0,0.0,2.0,0.0,0.0,2.0,2.0,2.0,2.0,4.0,1.0,2.0,2.0,2.0,1.0,1.0,3.0,1.0,1.0,0.0,2.0,0,165250.0
24711,2.0,2.0,2.0,2.0,0.0,2.0,0.0,0.0,2.0,2.0,2.0,2.0,4.0,1.0,2.0,2.0,2.0,2.0,1.0,2.0,1.0,1.0,0.0,1.0,0,551000.0
47279,2.0,2.0,2.0,2.0,0.0,2.0,0.0,0.0,2.0,2.0,2.0,2.0,4.0,2.0,2.0,2.0,2.0,2.0,2.0,1.0,1.0,1.0,0.0,1.0,1,664535.0
25976,2.0,2.0,2.0,2.0,0.0,2.0,0.0,0.0,2.0,2.0,2.0,2.0,4.0,2.0,2.0,2.0,2.0,2.0,2.0,1.0,1.0,1.0,0.0,2.0,0,616250.0
12374,2.0,1.0,2.0,2.0,0.0,2.0,0.0,0.0,2.0,2.0,2.0,2.0,4.0,1.0,2.0,1.0,2.0,2.0,2.0,2.0,1.0,1.0,0.0,2.0,1,560689.0
31939,1.0,1.0,1.0,1.0,0.0,2.0,0.0,0.0,1.0,2.0,2.0,2.0,4.0,1.0,2.0,2.0,2.0,2.0,1.0,1.0,1.0,2.0,0.0,2.0,0,1000000.0
29534,2.0,2.0,2.0,2.0,0.0,2.0,0.0,0.0,2.0,2.0,2.0,2.0,4.0,1.0,2.0,1.0,2.0,2.0,1.0,1.0,1.0,1.0,0.0,2.0,1,918789.0
12702,1.0,1.0,1.0,2.0,0.0,1.0,0.0,0.0,2.0,2.0,2.0,2.0,1.0,1.0,1.0,2.0,2.0,2.0,2.0,2.0,1.0,1.0,0.0,2.0,0,278777.0
12320,2.0,1.0,2.0,2.0,0.0,2.0,0.0,0.0,2.0,2.0,2.0,2.0,4.0,1.0,2.0,1.0,2.0,2.0,2.0,2.0,1.0,1.0,0.0,2.0,0,970338.0
24713,2.0,2.0,2.0,2.0,0.0,2.0,0.0,0.0,2.0,2.0,2.0,2.0,4.0,1.0,2.0,1.0,2.0,2.0,2.0,1.0,1.0,1.0,0.0,2.0,0,565000.0
31957,2.0,2.0,2.0,1.0,0.0,2.0,0.0,0.0,2.0,2.0,2.0,2.0,4.0,1.0,1.0,2.0,2.0,2.0,2.0,1.0,1.0,1.0,0.0,2.0,0,1035961.0
12723,2.0,1.0,1.0,1.0,0.0,2.0,0.0,0.0,1.0,2.0,2.0,2.0,4.0,1.0,1.0,2.0,2.0,2.0,2.0,1.0,1.0,1.0,0.0,1.0,1,353520.0
33447,2.0,1.0,2.0,2.0,0.0,2.0,0.0,0.0,2.0,2.0,2.0,2.0,4.0,1.0,2.0,1.0,1.0,2.0,2.0,1.0,1.0,1.0,2.0,2.0,0,558382.0
12350,2.0,1.0,2.0,2.0,0.0,2.0,0.0,0.0,2.0,2.0,2.0,1.0,4.0,1.0,2.0,1.0,2.0,2.0,2.0,2.0,0.0,1.0,0.0,2.0,0,991178.0
29025,2.0,1.0,2.0,2.0,0.0,2.0,0.0,0.0,2.0,2.0,2.0,2.0,4.0,1.0,2.0,1.0,1.0,2.0,2.0,1.0,1.0,1.0,0.0,2.0,0,354921.0
12661,2.0,1.0,1.0,1.0,0.0,2.0,0.0,0.0,2.0,2.0,2.0,2.0,4.0,1.0,1.0,2.0,2.0,2.0,2.0,1.0,1.0,2.0,0.0,2.0,0,749820.0
21764,2.0,1.0,2.0,2.0,1.0,2.0,0.0,0.0,1.0,2.0,2.0,2.0,4.0,1.0,2.0,1.0,2.0,2.0,2.0,2.0,1.0,1.0,0.0,2.0,0,259732.0
47355,2.0,1.0,2.0,2.0,1.0,2.0,0.0,0.0,2.0,2.0,2.0,2.0,4.0,2.0,2.0,2.0,2.0,2.0,2.0,2.0,1.0,1.0,0.0,1.0,1,817761.0
47340,2.0,2.0,2.0,2.0,1.0,2.0,0.0,0.0,2.0,2.0,2.0,2.0,4.0,2.0,2.0,2.0,2.0,2.0,2.0,1.0,1.0,1.0,0.0,1.0,0,1039492.0
25975,2.0,2.0,2.0,2.0,0.0,2.0,0.0,0.0,2.0,2.0,2.0,2.0,4.0,2.0,2.0,2.0,2.0,2.0,2.0,1.0,1.0,1.0,0.0,2.0,0,403013.0
31959,2.0,1.0,2.0,1.0,0.0,2.0,0.0,0.0,2.0,2.0,2.0,2.0,4.0,1.0,2.0,1.0,2.0,2.0,2.0,1.0,1.0,1.0,0.0,2.0,0,538188.0
12715,2.0,1.0,1.0,1.0,0.0,2.0,1.0,0.0,2.0,2.0,2.0,2.0,1.0,1.0,1.0,2.0,2.0,2.0,2.0,2.0,1.0,1.0,0.0,2.0,0,327457.0
24757,2.0,2.0,2.0,2.0,0.0,2.0,0.0,0.0,2.0,2.0,2.0,2.0,4.0,1.0,2.0,1.0,2.0,2.0,2.0,1.0,1.0,1.0,0.0,2.0,0,465000.0
21739,2.0,1.0,2.0,2.0,0.0,2.0,0.0,0.0,2.0,2.0,2.0,2.0,4.0,1.0,2.0,1.0,2.0,2.0,2.0,1.0,1.0,1.0,0.0,2.0,1,275688.0
32029,1.0,2.0,2.0,2.0,0.0,2.0,0.0,0.0,2.0,2.0,2.0,2.0,4.0,2.0,2.0,2.0,2.0,2.0,2.0,2.0,1.0,1.0,0.0,1.0,0,1000000.0
41036,2.0,1.0,2.0,2.0,0.0,2.0,0.0,0.0,2.0,2.0,2.0,2.0,4.0,1.0,1.0,2.0,2.0,2.0,2.0,1.0,1.0,1.0,0.0,2.0,0,988125.0
32027,1.0,2.0,2.0,1.0,0.0,2.0,0.0,0.0,2.0,2.0,2.0,2.0,4.0,2.0,2.0,2.0,2.0,2.0,2.0,1.0,1.0,1.0,0.0,2.0,0,392342.0
21687,2.0,2.0,2.0,2.0,0.0,2.0,0.0,0.0,1.0,2.0,2.0,2.0,4.0,1.0,1.0,1.0,1.0,1.0,2.0,2.0,1.0,1.0,0.0,1.0,0,836035.0
12706,2.0,1.0,1.0,2.0,0.0,2.0,1.0,0.0,2.0,2.0,2.0,2.0,1.0,1.0,1.0,2.0,2.0,2.0,2.0,2.0,1.0,1.0,0.0,2.0,0,103793.0
12425,2.0,1.0,2.0,2.0,0.0,2.0,0.0,0.0,2.0,2.0,2.0,2.0,4.0,1.0,2.0,1.0,2.0,2.0,2.0,1.0,1.0,1.0,0.0,2.0,0,779858.0
21693,2.0,1.0,2.0,1.0,0.0,2.0,1.0,0.0,2.0,2.0,2.0,2.0,1.0,2.0,2.0,2.0,2.0,2.0,2.0,2.0,1.0,1.0,0.0,2.0,0,170625.0
47322,2.0,1.0,2.0,2.0,0.0,2.0,0.0,0.0,2.0,2.0,2.0,2.0,4.0,1.0,2.0,1.0,2.0,2.0,1.0,2.0,1.0,1.0,0.0,1.0,0,156800.0
12395,2.0,1.0,2.0,2.0,0.0,2.0,0.0,0.0,2.0,2.0,2.0,2.0,4.0,1.0,2.0,1.0,2.0,2.0,2.0,1.0,1.0,1.0,0.0,2.0,0,745634.0
25985,2.0,2.0,2.0,2.0,0.0,2.0,0.0,0.0,2.0,2.0,2.0,2.0,4.0,1.0,1.0,2.0,2.0,2.0,2.0,1.0,1.0,1.0,0.0,1.0,0,647500.0
21743,2.0,1.0,2.0,2.0,0.0,2.0,0.0,0.0,2.0,2.0,2.0,2.0,1.0,1.0,1.0,1.0,1.0,1.0,2.0,2.0,1.0,1.0,2.0,2.0,1,1039775.0
42184,2.0,1.0,2.0,2.0,0.0,2.0,1.0,0.0,1.0,2.0,2.0,2.0,4.0,1.0,2.0,1.0,2.0,2.0,2.0,1.0,1.0,1.0,0.0,1.0,1,105002.0
12409,2.0,1.0,1.0,2.0,0.0,2.0,0.0,0.0,2.0,2.0,2.0,2.0,4.0,1.0,2.0,1.0,2.0,2.0,2.0,2.0,1.0,1.0,0.0,2.0,0,798313.0
842,2.0,1.0,2.0,2.0,0.0,2.0,0.0,0.0,1.0,2.0,2.0,2.0,4.0,1.0,2.0,1.0,1.0,2.0,1.0,1.0,1.0,1.0,0.0,1.0,0,616777.0
21767,2.0,1.0,2.0,1.0,0.0,2.0,0.0,0.0,2.0,2.0,2.0,2.0,4.0,2.0,2.0,2.0,2.0,2.0,2.0,2.0,1.0,1.0,0.0,1.0,0,859774.0
41082,2.0,1.0,2.0,1.0,0.0,2.0,0.0,0.0,1.0,2.0,2.0,2.0,4.0,1.0,1.0,2.0,2.0,2.0,2.0,1.0,1.0,1.0,0.0,2.0,0,686202.0
